player_x,player_y,target_x,target_y,left,right,up,down,score
450,530,815,218,0,0,0,0,0
450,530,815,218,0,0,0,0,0
450,530,815,218,0,0,0,0,0
450,530,815,218,0,0,0,0,0
450,530,815,218,0,0,0,0,0
450,530,815,218,0,0,0,0,0
450,530,815,218,0,0,0,0,0
450,530,815,218,0,0,0,0,0
450,530,815,218,0,0,0,0,0
450,530,815,218,0,0,0,0,0
450,530,815,218,0,0,0,0,0
450,530,815,218,0,0,0,0,0
450,530,815,218,0,0,0,0,0
450,530,815,218,0,0,0,0,0
450,530,815,218,0,0,0,0,0
450,530,815,218,0,0,0,0,0
450,530,815,218,0,0,0,0,0
450,530,815,218,0,0,0,0,0
450,530,815,218,0,0,0,0,0
450,530,815,218,0,0,0,0,0
450,530,815,218,0,0,0,0,0
450,530,815,218,0,0,0,0,0
450,530,815,218,0,0,0,0,0
450,530,815,218,0,0,0,0,0
450,530,815,218,0,0,0,0,0
450,530,815,218,0,0,0,0,0
450,530,815,218,0,0,0,0,0
450,530,815,218,0,0,0,0,0
450,530,815,218,0,0,0,0,0
450,530,815,218,0,0,0,0,0
450,530,815,218,0,0,0,0,0
450,530,815,218,0,0,0,0,0
450,530,815,218,0,0,0,0,0
450,530,815,218,0,0,0,0,0
450,530,815,218,0,0,0,0,0
450,530,815,218,0,0,0,0,0
450,530,815,218,0,0,0,0,0
450,530,815,218,0,0,0,0,0
450,530,815,218,0,0,0,0,0
450,530,815,218,0,0,0,0,0
450,530,815,218,0,0,0,0,0
450,530,815,218,0,0,0,0,0
450,530,815,218,0,0,0,0,0
450,525,815,218,0,0,1,0,0
450,520,815,218,0,0,1,0,0
450,515,815,218,0,0,1,0,0
450,510,815,218,0,0,1,0,0
450,505,815,218,0,0,1,0,0
450,500,815,218,0,0,1,0,0
450,495,815,218,0,0,1,0,0
450,490,815,218,0,0,1,0,0
450,485,815,218,0,0,1,0,0
450,480,815,218,0,0,1,0,0
450,475,815,218,0,0,1,0,0
450,470,815,218,0,0,1,0,0
450,465,815,218,0,0,1,0,0
450,460,815,218,0,0,1,0,0
450,455,815,218,0,0,1,0,0
450,450,815,218,0,0,1,0,0
450,445,815,218,0,0,1,0,0
450,440,815,218,0,0,1,0,0
450,435,815,218,0,0,1,0,0
450,430,815,218,0,0,1,0,0
450,425,815,218,0,0,1,0,0
450,420,815,218,0,0,1,0,0
450,415,815,218,0,0,1,0,0
450,410,815,218,0,0,1,0,0
450,405,815,218,0,0,1,0,0
450,400,815,218,0,0,1,0,0
450,395,815,218,0,0,1,0,0
450,390,815,218,0,0,1,0,0
450,385,815,218,0,0,1,0,0
450,380,815,218,0,0,1,0,0
455,375,815,218,0,1,1,0,0
460,370,815,218,0,1,1,0,0
465,365,815,218,0,1,1,0,0
470,360,815,218,0,1,1,0,0
475,360,815,218,0,1,0,0,0
480,355,815,218,0,1,1,0,0
485,350,815,218,0,1,1,0,0
490,345,815,218,0,1,1,0,0
495,340,815,218,0,1,1,0,0
500,335,815,218,0,1,1,0,0
505,330,815,218,0,1,1,0,0
510,325,815,218,0,1,1,0,0
515,320,815,218,0,1,1,0,0
520,315,815,218,0,1,1,0,0
525,310,815,218,0,1,1,0,0
530,305,815,218,0,1,1,0,0
535,300,815,218,0,1,1,0,0
540,295,815,218,0,1,1,0,0
545,290,815,218,0,1,1,0,0
550,285,815,218,0,1,1,0,0
555,280,815,218,0,1,1,0,0
560,275,815,218,0,1,1,0,0
565,270,815,218,0,1,1,0,0
570,265,815,218,0,1,1,0,0
575,260,815,218,0,1,1,0,0
580,255,815,218,0,1,1,0,0
585,250,815,218,0,1,1,0,0
590,245,815,218,0,1,1,0,0
595,240,815,218,0,1,1,0,0
600,235,815,218,0,1,1,0,0
605,235,815,218,0,1,0,0,0
610,235,815,218,0,1,0,0,0
615,235,815,218,0,1,0,0,0
620,235,815,218,0,1,0,0,0
625,235,815,218,0,1,0,0,0
630,235,815,218,0,1,0,0,0
635,235,815,218,0,1,0,0,0
640,235,815,218,0,1,0,0,0
645,235,815,218,0,1,0,0,0
650,235,815,218,0,1,0,0,0
655,235,815,218,0,1,0,0,0
660,235,815,218,0,1,0,0,0
665,235,815,218,0,1,0,0,0
670,235,815,218,0,1,0,0,0
675,235,815,218,0,1,0,0,0
680,235,815,218,0,1,0,0,0
685,235,815,218,0,1,0,0,0
690,235,815,218,0,1,0,0,0
695,235,815,218,0,1,0,0,0
700,235,815,218,0,1,0,0,0
705,235,815,218,0,1,0,0,0
710,235,815,218,0,1,0,0,0
715,235,815,218,0,1,0,0,0
720,235,815,218,0,1,0,0,0
725,235,815,218,0,1,0,0,0
730,235,815,218,0,1,0,0,0
735,235,815,218,0,1,0,0,0
740,235,815,218,0,1,0,0,0
745,230,214,103,0,1,1,0,1
750,225,214,103,0,1,1,0,1
755,220,214,103,0,1,1,0,1
760,215,214,103,0,1,1,0,1
765,210,214,103,0,1,1,0,1
770,205,214,103,0,1,1,0,1
775,200,214,103,0,1,1,0,1
780,195,214,103,0,1,1,0,1
785,190,214,103,0,1,1,0,1
790,185,214,103,0,1,1,0,1
795,185,214,103,0,1,0,0,1
800,185,214,103,0,1,0,0,1
805,185,214,103,0,1,0,0,1
805,185,214,103,0,0,0,0,1
805,185,214,103,0,0,0,0,1
800,185,214,103,1,0,0,0,1
795,185,214,103,1,0,0,0,1
790,185,214,103,1,0,0,0,1
785,185,214,103,1,0,0,0,1
780,185,214,103,1,0,0,0,1
775,185,214,103,1,0,0,0,1
770,185,214,103,1,0,0,0,1
765,185,214,103,1,0,0,0,1
760,185,214,103,1,0,0,0,1
755,185,214,103,1,0,0,0,1
750,185,214,103,1,0,0,0,1
745,185,214,103,1,0,0,0,1
740,185,214,103,1,0,0,0,1
735,180,214,103,1,0,1,0,1
730,175,214,103,1,0,1,0,1
725,170,214,103,1,0,1,0,1
720,165,214,103,1,0,1,0,1
715,160,214,103,1,0,1,0,1
710,155,214,103,1,0,1,0,1
705,150,214,103,1,0,1,0,1
700,145,214,103,1,0,1,0,1
695,140,214,103,1,0,1,0,1
690,135,214,103,1,0,1,0,1
685,130,214,103,1,0,1,0,1
680,125,214,103,1,0,1,0,1
675,120,214,103,1,0,1,0,1
670,115,214,103,1,0,1,0,1
665,110,214,103,1,0,1,0,1
660,105,214,103,1,0,1,0,1
655,100,214,103,1,0,1,0,1
650,95,214,103,1,0,1,0,1
645,90,214,103,1,0,1,0,1
640,85,214,103,1,0,1,0,1
635,80,214,103,1,0,1,0,1
630,75,214,103,1,0,1,0,1
625,70,214,103,1,0,1,0,1
620,65,214,103,1,0,1,0,1
615,65,214,103,1,0,0,0,1
610,65,214,103,1,0,0,0,1
605,65,214,103,1,0,0,0,1
600,65,214,103,1,0,0,0,1
595,65,214,103,1,0,0,0,1
590,65,214,103,1,0,0,0,1
585,65,214,103,1,0,0,0,1
580,65,214,103,1,0,0,0,1
575,65,214,103,1,0,0,0,1
570,65,214,103,1,0,0,0,1
565,65,214,103,1,0,0,0,1
560,65,214,103,1,0,0,0,1
555,65,214,103,1,0,0,0,1
550,70,214,103,1,0,0,1,1
545,75,214,103,1,0,0,1,1
540,80,214,103,1,0,0,1,1
535,85,214,103,1,0,0,1,1
530,90,214,103,1,0,0,1,1
525,95,214,103,1,0,0,1,1
520,100,214,103,1,0,0,1,1
515,105,214,103,1,0,0,1,1
510,110,214,103,1,0,0,1,1
505,115,214,103,1,0,0,1,1
500,120,214,103,1,0,0,1,1
495,125,214,103,1,0,0,1,1
490,130,214,103,1,0,0,1,1
485,135,214,103,1,0,0,1,1
480,140,214,103,1,0,0,1,1
475,145,214,103,1,0,0,1,1
470,150,214,103,1,0,0,1,1
465,155,214,103,1,0,0,1,1
460,155,214,103,1,0,0,0,1
455,155,214,103,1,0,0,0,1
450,155,214,103,1,0,0,0,1
445,155,214,103,1,0,0,0,1
440,155,214,103,1,0,0,0,1
435,155,214,103,1,0,0,0,1
430,155,214,103,1,0,0,0,1
425,155,214,103,1,0,0,0,1
420,155,214,103,1,0,0,0,1
415,155,214,103,1,0,0,0,1
410,155,214,103,1,0,0,0,1
405,155,214,103,1,0,0,0,1
400,150,214,103,1,0,1,0,1
395,145,214,103,1,0,1,0,1
390,140,214,103,1,0,1,0,1
385,135,214,103,1,0,1,0,1
380,130,214,103,1,0,1,0,1
375,125,214,103,1,0,1,0,1
370,125,214,103,1,0,0,0,1
365,120,214,103,1,0,1,0,1
360,115,214,103,1,0,1,0,1
355,110,214,103,1,0,1,0,1
350,105,214,103,1,0,1,0,1
345,100,214,103,1,0,1,0,1
340,95,214,103,1,0,1,0,1
335,90,214,103,1,0,1,0,1
330,85,214,103,1,0,1,0,1
325,80,214,103,1,0,1,0,1
320,80,214,103,1,0,0,0,1
315,80,214,103,1,0,0,0,1
310,80,214,103,1,0,0,0,1
305,80,214,103,1,0,0,0,1
300,80,214,103,1,0,0,0,1
295,80,214,103,1,0,0,0,1
290,80,214,103,1,0,0,0,1
285,80,214,103,1,0,0,0,1
280,80,214,103,1,0,0,0,1
275,80,214,103,1,0,0,0,1
270,80,214,103,1,0,0,0,1
265,80,214,103,1,0,0,0,1
260,80,214,103,1,0,0,0,1
255,80,214,103,1,0,0,0,1
250,85,214,103,1,0,0,1,1
245,90,214,103,1,0,0,1,1
240,95,214,103,1,0,0,1,1
235,100,318,300,1,0,0,1,2
230,105,318,300,1,0,0,1,2
225,105,318,300,1,0,0,0,2
220,105,318,300,1,0,0,0,2
215,105,318,300,1,0,0,0,2
210,105,318,300,1,0,0,0,2
205,105,318,300,1,0,0,0,2
200,105,318,300,1,0,0,0,2
195,105,318,300,1,0,0,0,2
190,105,318,300,1,0,0,0,2
185,105,318,300,1,0,0,0,2
180,105,318,300,1,0,0,0,2
175,105,318,300,1,0,0,0,2
170,105,318,300,1,0,0,0,2
165,105,318,300,1,0,0,0,2
160,105,318,300,1,0,0,0,2
155,105,318,300,1,0,0,0,2
150,105,318,300,1,0,0,0,2
145,105,318,300,1,0,0,0,2
140,105,318,300,1,0,0,0,2
140,105,318,300,0,0,0,0,2
140,105,318,300,0,0,0,0,2
140,105,318,300,0,0,0,0,2
140,105,318,300,0,0,0,0,2
140,110,318,300,0,0,0,1,2
140,115,318,300,0,0,0,1,2
140,120,318,300,0,0,0,1,2
140,125,318,300,0,0,0,1,2
140,130,318,300,0,0,0,1,2
140,135,318,300,0,0,0,1,2
140,140,318,300,0,0,0,1,2
140,145,318,300,0,0,0,1,2
140,150,318,300,0,0,0,1,2
140,155,318,300,0,0,0,1,2
140,160,318,300,0,0,0,1,2
140,165,318,300,0,0,0,1,2
140,170,318,300,0,0,0,1,2
140,175,318,300,0,0,0,1,2
145,180,318,300,0,1,0,1,2
150,185,318,300,0,1,0,1,2
155,190,318,300,0,1,0,1,2
160,195,318,300,0,1,0,1,2
165,200,318,300,0,1,0,1,2
170,205,318,300,0,1,0,1,2
175,210,318,300,0,1,0,1,2
180,215,318,300,0,1,0,1,2
185,220,318,300,0,1,0,1,2
190,225,318,300,0,1,0,1,2
195,230,318,300,0,1,0,1,2
200,235,318,300,0,1,0,1,2
205,240,318,300,0,1,0,1,2
210,245,318,300,0,1,0,1,2
215,250,318,300,0,1,0,1,2
220,250,318,300,0,1,0,0,2
225,250,318,300,0,1,0,0,2
230,250,318,300,0,1,0,0,2
235,250,318,300,0,1,0,0,2
240,250,318,300,0,1,0,0,2
245,250,318,300,0,1,0,0,2
250,250,659,102,0,1,0,0,3
255,250,659,102,0,1,0,0,3
260,250,659,102,0,1,0,0,3
265,250,659,102,0,1,0,0,3
270,250,659,102,0,1,0,0,3
275,250,659,102,0,1,0,0,3
280,250,659,102,0,1,0,0,3
285,250,659,102,0,1,0,0,3
290,250,659,102,0,1,0,0,3
295,250,659,102,0,1,0,0,3
300,250,659,102,0,1,0,0,3
305,250,659,102,0,1,0,0,3
310,250,659,102,0,1,0,0,3
315,250,659,102,0,1,0,0,3
320,250,659,102,0,1,0,0,3
325,250,659,102,0,1,0,0,3
330,250,659,102,0,1,0,0,3
335,250,659,102,0,1,0,0,3
340,250,659,102,0,1,0,0,3
345,250,659,102,0,1,0,0,3
350,250,659,102,0,1,0,0,3
355,250,659,102,0,1,0,0,3
360,250,659,102,0,1,0,0,3
365,250,659,102,0,1,0,0,3
370,250,659,102,0,1,0,0,3
375,250,659,102,0,1,0,0,3
380,250,659,102,0,1,0,0,3
385,250,659,102,0,1,0,0,3
390,250,659,102,0,1,0,0,3
395,245,659,102,0,1,1,0,3
400,240,659,102,0,1,1,0,3
405,235,659,102,0,1,1,0,3
410,230,659,102,0,1,1,0,3
415,225,659,102,0,1,1,0,3
420,220,659,102,0,1,1,0,3
425,215,659,102,0,1,1,0,3
430,210,659,102,0,1,1,0,3
435,205,659,102,0,1,1,0,3
440,200,659,102,0,1,1,0,3
445,195,659,102,0,1,1,0,3
450,190,659,102,0,1,1,0,3
455,185,659,102,0,1,1,0,3
460,180,659,102,0,1,1,0,3
465,175,659,102,0,1,1,0,3
470,170,659,102,0,1,1,0,3
475,165,659,102,0,1,1,0,3
480,160,659,102,0,1,1,0,3
485,155,659,102,0,1,1,0,3
490,150,659,102,0,1,1,0,3
495,145,659,102,0,1,1,0,3
500,140,659,102,0,1,1,0,3
505,135,659,102,0,1,1,0,3
510,130,659,102,0,1,1,0,3
515,125,659,102,0,1,1,0,3
520,120,659,102,0,1,1,0,3
525,115,659,102,0,1,1,0,3
530,110,659,102,0,1,1,0,3
535,105,659,102,0,1,1,0,3
540,100,659,102,0,1,1,0,3
545,95,659,102,0,1,1,0,3
550,95,659,102,0,1,0,0,3
555,95,659,102,0,1,0,0,3
560,95,659,102,0,1,0,0,3
565,95,659,102,0,1,0,0,3
570,95,659,102,0,1,0,0,3
575,95,659,102,0,1,0,0,3
580,95,659,102,0,1,0,0,3
585,95,659,102,0,1,0,0,3
590,95,431,423,0,1,0,0,4
595,95,431,423,0,1,0,0,4
600,95,431,423,0,1,0,0,4
605,95,431,423,0,1,0,0,4
610,95,431,423,0,1,0,0,4
615,95,431,423,0,1,0,0,4
620,95,431,423,0,1,0,0,4
625,95,431,423,0,1,0,0,4
630,95,431,423,0,1,0,0,4
635,95,431,423,0,1,0,0,4
640,95,431,423,0,1,0,0,4
645,95,431,423,0,1,0,0,4
650,95,431,423,0,1,0,0,4
655,95,431,423,0,1,0,0,4
660,95,431,423,0,1,0,0,4
665,95,431,423,0,1,0,0,4
670,95,431,423,0,1,0,0,4
675,95,431,423,0,1,0,0,4
680,95,431,423,0,1,0,0,4
685,95,431,423,0,1,0,0,4
685,95,431,423,0,0,0,0,4
685,95,431,423,0,0,0,0,4
685,95,431,423,0,0,0,0,4
685,95,431,423,0,0,0,0,4
685,95,431,423,0,0,0,0,4
685,100,431,423,0,0,0,1,4
685,105,431,423,0,0,0,1,4
685,110,431,423,0,0,0,1,4
685,115,431,423,0,0,0,1,4
685,120,431,423,0,0,0,1,4
685,125,431,423,0,0,0,1,4
685,130,431,423,0,0,0,1,4
685,135,431,423,0,0,0,1,4
685,140,431,423,0,0,0,1,4
685,145,431,423,0,0,0,1,4
685,150,431,423,0,0,0,1,4
685,155,431,423,0,0,0,1,4
685,160,431,423,0,0,0,1,4
685,165,431,423,0,0,0,1,4
685,170,431,423,0,0,0,1,4
685,175,431,423,0,0,0,1,4
685,180,431,423,0,0,0,1,4
685,185,431,423,0,0,0,1,4
685,190,431,423,0,0,0,1,4
685,195,431,423,0,0,0,1,4
685,200,431,423,0,0,0,1,4
685,205,431,423,0,0,0,1,4
685,210,431,423,0,0,0,1,4
685,215,431,423,0,0,0,1,4
685,220,431,423,0,0,0,1,4
685,225,431,423,0,0,0,1,4
685,230,431,423,0,0,0,1,4
680,235,431,423,1,0,0,1,4
675,240,431,423,1,0,0,1,4
670,245,431,423,1,0,0,1,4
665,250,431,423,1,0,0,1,4
660,255,431,423,1,0,0,1,4
655,260,431,423,1,0,0,1,4
650,265,431,423,1,0,0,1,4
645,270,431,423,1,0,0,1,4
640,275,431,423,1,0,0,1,4
635,280,431,423,1,0,0,1,4
630,285,431,423,1,0,0,1,4
625,290,431,423,1,0,0,1,4
620,295,431,423,1,0,0,1,4
615,300,431,423,1,0,0,1,4
610,305,431,423,1,0,0,1,4
605,310,431,423,1,0,0,1,4
600,315,431,423,1,0,0,1,4
595,320,431,423,1,0,0,1,4
590,325,431,423,1,0,0,1,4
585,330,431,423,1,0,0,1,4
580,335,431,423,1,0,0,1,4
575,340,431,423,1,0,0,1,4
570,345,431,423,1,0,0,1,4
570,350,431,423,0,0,0,1,4
565,355,431,423,1,0,0,1,4
560,360,431,423,1,0,0,1,4
555,365,431,423,1,0,0,1,4
550,370,431,423,1,0,0,1,4
545,375,431,423,1,0,0,1,4
540,380,431,423,1,0,0,1,4
535,385,431,423,1,0,0,1,4
530,390,431,423,1,0,0,1,4
525,395,431,423,1,0,0,1,4
520,400,431,423,1,0,0,1,4
515,405,431,423,1,0,0,1,4
510,410,431,423,1,0,0,1,4
505,415,431,423,1,0,0,1,4
500,420,431,423,1,0,0,1,4
495,425,431,423,1,0,0,1,4
490,430,431,423,1,0,0,1,4
485,435,431,423,1,0,0,1,4
480,440,431,423,1,0,0,1,4
475,445,431,423,1,0,0,1,4
470,445,431,423,1,0,0,0,4
465,445,431,423,1,0,0,0,4
460,445,431,423,1,0,0,0,4
455,445,431,423,1,0,0,0,4
450,445,431,423,1,0,0,0,4
445,445,431,423,1,0,0,0,4
440,445,431,423,1,0,0,0,4
435,440,577,387,1,0,1,0,5
430,435,577,387,1,0,1,0,5
425,430,577,387,1,0,1,0,5
420,425,577,387,1,0,1,0,5
415,420,577,387,1,0,1,0,5
410,415,577,387,1,0,1,0,5
405,410,577,387,1,0,1,0,5
400,405,577,387,1,0,1,0,5
395,400,577,387,1,0,1,0,5
390,395,577,387,1,0,1,0,5
385,390,577,387,1,0,1,0,5
385,385,577,387,0,0,1,0,5
385,380,577,387,0,0,1,0,5
385,375,577,387,0,0,1,0,5
385,370,577,387,0,0,1,0,5
385,365,577,387,0,0,1,0,5
385,360,577,387,0,0,1,0,5
390,355,577,387,0,1,1,0,5
395,350,577,387,0,1,1,0,5
400,345,577,387,0,1,1,0,5
405,340,577,387,0,1,1,0,5
410,335,577,387,0,1,1,0,5
415,330,577,387,0,1,1,0,5
420,330,577,387,0,1,0,0,5
425,330,577,387,0,1,0,0,5
430,330,577,387,0,1,0,0,5
435,330,577,387,0,1,0,0,5
440,330,577,387,0,1,0,0,5
445,330,577,387,0,1,0,0,5
450,330,577,387,0,1,0,0,5
455,330,577,387,0,1,0,0,5
460,330,577,387,0,1,0,0,5
465,330,577,387,0,1,0,0,5
470,330,577,387,0,1,0,0,5
475,330,577,387,0,1,0,0,5
480,330,577,387,0,1,0,0,5
485,330,577,387,0,1,0,0,5
490,330,577,387,0,1,0,0,5
495,330,577,387,0,1,0,0,5
500,330,577,387,0,1,0,0,5
505,330,577,387,0,1,0,0,5
510,330,446,232,0,1,0,0,6
515,330,446,232,0,1,0,0,6
520,330,446,232,0,1,0,0,6
525,330,446,232,0,1,0,0,6
530,330,446,232,0,1,0,0,6
535,330,446,232,0,1,0,0,6
540,330,446,232,0,1,0,0,6
545,335,446,232,0,1,0,1,6
550,340,446,232,0,1,0,1,6
555,345,446,232,0,1,0,1,6
560,350,446,232,0,1,0,1,6
565,355,446,232,0,1,0,1,6
565,360,446,232,0,0,0,1,6
565,365,446,232,0,0,0,1,6
565,370,446,232,0,0,0,1,6
565,375,446,232,0,0,0,1,6
565,380,446,232,0,0,0,1,6
565,385,446,232,0,0,0,1,6
565,390,446,232,0,0,0,1,6
565,395,446,232,0,0,0,1,6
565,395,446,232,0,0,0,0,6
565,395,446,232,0,0,0,0,6
560,395,446,232,1,0,0,0,6
555,395,446,232,1,0,0,0,6
550,395,446,232,1,0,0,0,6
545,395,446,232,1,0,0,0,6
540,395,446,232,1,0,0,0,6
535,395,446,232,1,0,0,0,6
530,390,446,232,1,0,1,0,6
525,385,446,232,1,0,1,0,6
520,380,446,232,1,0,1,0,6
515,375,446,232,1,0,1,0,6
510,370,446,232,1,0,1,0,6
505,365,446,232,1,0,1,0,6
500,360,446,232,1,0,1,0,6
495,355,446,232,1,0,1,0,6
490,350,446,232,1,0,1,0,6
485,345,446,232,1,0,1,0,6
480,340,446,232,1,0,1,0,6
475,335,446,232,1,0,1,0,6
470,330,446,232,1,0,1,0,6
465,325,446,232,1,0,1,0,6
465,320,446,232,0,0,1,0,6
465,315,446,232,0,0,1,0,6
465,310,446,232,0,0,1,0,6
465,305,446,232,0,0,1,0,6
465,300,446,232,0,0,1,0,6
465,295,446,232,0,0,1,0,6
465,290,446,232,0,0,1,0,6
465,285,446,232,0,0,1,0,6
465,280,446,232,0,0,1,0,6
465,275,446,232,0,0,1,0,6
465,270,446,232,0,0,1,0,6
465,265,446,232,0,0,1,0,6
465,260,446,232,0,0,1,0,6
465,255,446,232,0,0,1,0,6
465,250,102,181,0,0,1,0,7
470,245,102,181,0,1,1,0,7
475,240,102,181,0,1,1,0,7
480,235,102,181,0,1,1,0,7
485,230,102,181,0,1,1,0,7
490,225,102,181,0,1,1,0,7
495,220,102,181,0,1,1,0,7
495,215,102,181,0,0,1,0,7
495,210,102,181,0,0,1,0,7
495,205,102,181,0,0,1,0,7
495,200,102,181,0,0,1,0,7
495,195,102,181,0,0,1,0,7
495,190,102,181,0,0,1,0,7
490,185,102,181,1,0,1,0,7
485,180,102,181,1,0,1,0,7
480,175,102,181,1,0,1,0,7
475,170,102,181,1,0,1,0,7
470,165,102,181,1,0,1,0,7
465,160,102,181,1,0,1,0,7
460,155,102,181,1,0,1,0,7
455,150,102,181,1,0,1,0,7
450,145,102,181,1,0,1,0,7
445,140,102,181,1,0,1,0,7
440,140,102,181,1,0,0,0,7
435,140,102,181,1,0,0,0,7
430,140,102,181,1,0,0,0,7
425,140,102,181,1,0,0,0,7
420,140,102,181,1,0,0,0,7
415,140,102,181,1,0,0,0,7
410,140,102,181,1,0,0,0,7
405,140,102,181,1,0,0,0,7
400,140,102,181,1,0,0,0,7
395,140,102,181,1,0,0,0,7
390,140,102,181,1,0,0,0,7
385,140,102,181,1,0,0,0,7
380,140,102,181,1,0,0,0,7
375,140,102,181,1,0,0,0,7
370,140,102,181,1,0,0,0,7
365,140,102,181,1,0,0,0,7
360,140,102,181,1,0,0,0,7
355,140,102,181,1,0,0,0,7
350,140,102,181,1,0,0,0,7
345,140,102,181,1,0,0,0,7
340,140,102,181,1,0,0,0,7
335,140,102,181,1,0,0,0,7
330,140,102,181,1,0,0,0,7
325,140,102,181,1,0,0,0,7
320,140,102,181,1,0,0,0,7
315,140,102,181,1,0,0,0,7
310,140,102,181,1,0,0,0,7
305,140,102,181,1,0,0,0,7
300,140,102,181,1,0,0,0,7
295,140,102,181,1,0,0,0,7
290,140,102,181,1,0,0,0,7
285,140,102,181,1,0,0,0,7
280,140,102,181,1,0,0,0,7
275,140,102,181,1,0,0,0,7
270,140,102,181,1,0,0,0,7
265,140,102,181,1,0,0,0,7
260,140,102,181,1,0,0,0,7
255,140,102,181,1,0,0,0,7
250,140,102,181,1,0,0,0,7
245,140,102,181,1,0,0,0,7
240,140,102,181,1,0,0,0,7
235,140,102,181,1,0,0,0,7
230,140,102,181,1,0,0,0,7
225,140,102,181,1,0,0,0,7
220,140,102,181,1,0,0,0,7
215,140,102,181,1,0,0,0,7
210,140,102,181,1,0,0,0,7
205,140,102,181,1,0,0,0,7
200,140,102,181,1,0,0,0,7
195,140,102,181,1,0,0,0,7
190,140,102,181,1,0,0,0,7
185,140,102,181,1,0,0,0,7
180,140,102,181,1,0,0,0,7
175,140,102,181,1,0,0,0,7
170,140,102,181,1,0,0,0,7
165,140,102,181,1,0,0,0,7
160,140,102,181,1,0,0,0,7
155,140,102,181,1,0,0,0,7
150,140,102,181,1,0,0,0,7
145,140,102,181,1,0,0,0,7
140,140,102,181,1,0,0,0,7
135,140,102,181,1,0,0,0,7
130,140,102,181,1,0,0,0,7
125,140,102,181,1,0,0,0,7
120,145,179,203,1,0,0,1,8
115,150,302,63,1,0,0,1,9
110,155,302,63,1,0,0,1,9
105,160,302,63,1,0,0,1,9
100,165,302,63,1,0,0,1,9
95,170,302,63,1,0,0,1,9
90,175,302,63,1,0,0,1,9
85,180,302,63,1,0,0,1,9
85,185,302,63,0,0,0,1,9
85,190,302,63,0,0,0,1,9
85,195,302,63,0,0,0,1,9
85,200,302,63,0,0,0,1,9
85,205,302,63,0,0,0,1,9
85,210,302,63,0,0,0,1,9
85,215,302,63,0,0,0,1,9
85,220,302,63,0,0,0,1,9
85,225,302,63,0,0,0,1,9
85,230,302,63,0,0,0,1,9
85,235,302,63,0,0,0,1,9
85,240,302,63,0,0,0,1,9
85,245,302,63,0,0,0,1,9
85,250,302,63,0,0,0,1,9
90,255,302,63,0,1,0,1,9
95,255,302,63,0,1,0,0,9
100,255,302,63,0,1,0,0,9
105,255,302,63,0,1,0,0,9
110,255,302,63,0,1,0,0,9
115,255,302,63,0,1,0,0,9
120,255,302,63,0,1,0,0,9
125,255,302,63,0,1,0,0,9
130,255,302,63,0,1,0,0,9
135,255,302,63,0,1,0,0,9
140,255,302,63,0,1,0,0,9
145,255,302,63,0,1,0,0,9
150,255,302,63,0,1,0,0,9
155,255,302,63,0,1,0,0,9
160,255,302,63,0,1,0,0,9
165,255,302,63,0,1,0,0,9
170,250,302,63,0,1,1,0,9
175,245,302,63,0,1,1,0,9
180,240,302,63,0,1,1,0,9
185,235,302,63,0,1,1,0,9
190,230,302,63,0,1,1,0,9
195,225,302,63,0,1,1,0,9
200,220,302,63,0,1,1,0,9
205,215,302,63,0,1,1,0,9
210,210,302,63,0,1,1,0,9
215,205,302,63,0,1,1,0,9
220,200,302,63,0,1,1,0,9
225,195,302,63,0,1,1,0,9
230,190,302,63,0,1,1,0,9
235,185,302,63,0,1,1,0,9
240,180,302,63,0,1,1,0,9
245,175,302,63,0,1,1,0,9
250,170,302,63,0,1,1,0,9
255,165,302,63,0,1,1,0,9
260,160,302,63,0,1,1,0,9
265,155,302,63,0,1,1,0,9
270,150,302,63,0,1,1,0,9
275,145,302,63,0,1,1,0,9
280,140,302,63,0,1,1,0,9
285,135,302,63,0,1,1,0,9
290,130,302,63,0,1,1,0,9
290,125,302,63,0,0,1,0,9
290,120,302,63,0,0,1,0,9
290,115,302,63,0,0,1,0,9
290,110,302,63,0,0,1,0,9
290,105,302,63,0,0,1,0,9
290,100,302,63,0,0,1,0,9
290,95,302,63,0,0,1,0,9
290,90,302,63,0,0,1,0,9
285,85,302,63,1,0,1,0,9
280,80,527,90,1,0,1,0,10
275,75,527,90,1,0,1,0,10
270,70,527,90,1,0,1,0,10
265,65,527,90,1,0,1,0,10
260,60,527,90,1,0,1,0,10
255,55,527,90,1,0,1,0,10
250,50,527,90,1,0,1,0,10
245,45,527,90,1,0,1,0,10
240,40,527,90,1,0,1,0,10
235,35,527,90,1,0,1,0,10
230,30,527,90,1,0,1,0,10
225,25,527,90,1,0,1,0,10
220,20,527,90,1,0,1,0,10
215,15,527,90,1,0,1,0,10
215,10,527,90,0,0,1,0,10
215,5,527,90,0,0,1,0,10
215,0,527,90,0,0,1,0,10
215,0,527,90,0,0,0,0,10
215,0,527,90,0,0,0,0,10
215,0,527,90,0,0,0,0,10
220,0,527,90,0,1,0,0,10
225,0,527,90,0,1,0,0,10
230,0,527,90,0,1,0,0,10
235,0,527,90,0,1,0,0,10
240,0,527,90,0,1,0,0,10
245,0,527,90,0,1,0,0,10
250,0,527,90,0,1,0,0,10
255,0,527,90,0,1,0,0,10
260,0,527,90,0,1,0,0,10
265,0,527,90,0,1,0,0,10
270,0,527,90,0,1,0,0,10
275,0,527,90,0,1,0,0,10
280,0,527,90,0,1,0,0,10
285,0,527,90,0,1,0,0,10
290,0,527,90,0,1,0,0,10
295,0,527,90,0,1,0,0,10
300,0,527,90,0,1,0,0,10
305,0,527,90,0,1,0,0,10
310,0,527,90,0,1,0,0,10
315,0,527,90,0,1,0,0,10
320,0,527,90,0,1,0,0,10
325,0,527,90,0,1,0,0,10
330,0,527,90,0,1,0,0,10
335,0,527,90,0,1,0,0,10
340,0,527,90,0,1,0,0,10
345,0,527,90,0,1,0,0,10
350,0,527,90,0,1,0,0,10
355,0,527,90,0,1,0,0,10
360,0,527,90,0,1,0,0,10
365,0,527,90,0,1,0,0,10
370,0,527,90,0,1,0,0,10
375,0,527,90,0,1,0,0,10
380,0,527,90,0,1,0,0,10
385,0,527,90,0,1,0,0,10
390,0,527,90,0,1,0,0,10
395,0,527,90,0,1,0,0,10
400,0,527,90,0,1,0,0,10
405,0,527,90,0,1,0,0,10
410,0,527,90,0,1,0,0,10
415,0,527,90,0,1,0,0,10
420,0,527,90,0,1,0,0,10
425,0,527,90,0,1,0,0,10
430,0,527,90,0,1,0,0,10
435,0,527,90,0,1,0,0,10
440,0,527,90,0,1,0,0,10
445,0,527,90,0,1,0,0,10
450,0,527,90,0,1,0,0,10
455,0,527,90,0,1,0,0,10
460,0,527,90,0,1,0,0,10
465,0,527,90,0,1,0,0,10
470,0,527,90,0,1,0,0,10
475,0,527,90,0,1,0,0,10
480,5,527,90,0,1,0,1,10
485,10,527,90,0,1,0,1,10
490,15,527,90,0,1,0,1,10
495,20,662,345,0,1,0,1,11
500,25,662,345,0,1,0,1,11
505,30,662,345,0,1,0,1,11
510,35,662,345,0,1,0,1,11
515,40,662,345,0,1,0,1,11
520,45,662,345,0,1,0,1,11
520,50,662,345,0,0,0,1,11
520,55,662,345,0,0,0,1,11
520,60,662,345,0,0,0,1,11
520,65,662,345,0,0,0,1,11
520,70,662,345,0,0,0,1,11
520,75,662,345,0,0,0,1,11
520,80,662,345,0,0,0,1,11
520,85,662,345,0,0,0,1,11
520,90,662,345,0,0,0,1,11
515,95,662,345,1,0,0,1,11
510,100,662,345,1,0,0,1,11
505,105,662,345,1,0,0,1,11
500,110,662,345,1,0,0,1,11
495,110,662,345,1,0,0,0,11
490,110,662,345,1,0,0,0,11
485,110,662,345,1,0,0,0,11
480,110,662,345,1,0,0,0,11
475,110,662,345,1,0,0,0,11
470,110,662,345,1,0,0,0,11
465,115,662,345,1,0,0,1,11
460,120,662,345,1,0,0,1,11
455,125,662,345,1,0,0,1,11
450,130,662,345,1,0,0,1,11
445,135,662,345,1,0,0,1,11
440,140,662,345,1,0,0,1,11
435,145,662,345,1,0,0,1,11
435,150,662,345,0,0,0,1,11
435,155,662,345,0,0,0,1,11
435,160,662,345,0,0,0,1,11
435,165,662,345,0,0,0,1,11
435,170,662,345,0,0,0,1,11
435,175,662,345,0,0,0,1,11
435,180,662,345,0,0,0,1,11
440,185,662,345,0,1,0,1,11
445,190,662,345,0,1,0,1,11
445,195,662,345,0,0,0,1,11
445,200,662,345,0,0,0,1,11
445,205,662,345,0,0,0,1,11
445,210,662,345,0,0,0,1,11
445,215,662,345,0,0,0,1,11
445,220,662,345,0,0,0,1,11
445,225,662,345,0,0,0,1,11
450,230,662,345,0,1,0,1,11
455,235,662,345,0,1,0,1,11
460,240,662,345,0,1,0,1,11
465,245,662,345,0,1,0,1,11
470,250,662,345,0,1,0,1,11
475,255,662,345,0,1,0,1,11
480,260,662,345,0,1,0,1,11
485,265,662,345,0,1,0,1,11
490,270,662,345,0,1,0,1,11
495,275,662,345,0,1,0,1,11
500,280,662,345,0,1,0,1,11
505,285,662,345,0,1,0,1,11
510,290,662,345,0,1,0,1,11
515,295,662,345,0,1,0,1,11
520,295,662,345,0,1,0,0,11
525,295,662,345,0,1,0,0,11
530,295,662,345,0,1,0,0,11
535,295,662,345,0,1,0,0,11
540,295,662,345,0,1,0,0,11
545,295,662,345,0,1,0,0,11
550,295,662,345,0,1,0,0,11
555,295,662,345,0,1,0,0,11
560,295,662,345,0,1,0,0,11
565,295,662,345,0,1,0,0,11
570,295,662,345,0,1,0,0,11
575,295,662,345,0,1,0,0,11
580,295,662,345,0,1,0,0,11
585,295,662,345,0,1,0,0,11
590,295,662,345,0,1,0,0,11
595,295,172,404,0,1,0,0,12
600,295,172,404,0,1,0,0,12
605,295,172,404,0,1,0,0,12
610,295,172,404,0,1,0,0,12
615,295,172,404,0,1,0,0,12
620,295,172,404,0,1,0,0,12
625,295,172,404,0,1,0,0,12
630,295,172,404,0,1,0,0,12
635,295,172,404,0,1,0,0,12
640,295,172,404,0,1,0,0,12
645,295,172,404,0,1,0,0,12
650,295,172,404,0,1,0,0,12
655,295,172,404,0,1,0,0,12
660,295,172,404,0,1,0,0,12
665,295,172,404,0,1,0,0,12
670,295,172,404,0,1,0,0,12
675,295,172,404,0,1,0,0,12
680,295,172,404,0,1,0,0,12
685,295,172,404,0,1,0,0,12
690,295,172,404,0,1,0,0,12
695,300,172,404,0,1,0,1,12
700,305,172,404,0,1,0,1,12
700,310,172,404,0,0,0,1,12
700,315,172,404,0,0,0,1,12
700,320,172,404,0,0,0,1,12
700,325,172,404,0,0,0,1,12
700,330,172,404,0,0,0,1,12
700,335,172,404,0,0,0,1,12
700,340,172,404,0,0,0,1,12
700,345,172,404,0,0,0,1,12
700,350,172,404,0,0,0,1,12
700,355,172,404,0,0,0,1,12
700,360,172,404,0,0,0,1,12
695,365,172,404,1,0,0,1,12
690,370,172,404,1,0,0,1,12
685,370,172,404,1,0,0,0,12
680,370,172,404,1,0,0,0,12
675,370,172,404,1,0,0,0,12
670,370,172,404,1,0,0,0,12
665,370,172,404,1,0,0,0,12
660,370,172,404,1,0,0,0,12
655,370,172,404,1,0,0,0,12
650,370,172,404,1,0,0,0,12
645,370,172,404,1,0,0,0,12
640,370,172,404,1,0,0,0,12
635,370,172,404,1,0,0,0,12
630,370,172,404,1,0,0,0,12
625,370,172,404,1,0,0,0,12
620,370,172,404,1,0,0,0,12
615,370,172,404,1,0,0,0,12
610,370,172,404,1,0,0,0,12
605,370,172,404,1,0,0,0,12
600,370,172,404,1,0,0,0,12
595,370,172,404,1,0,0,0,12
590,370,172,404,1,0,0,0,12
585,370,172,404,1,0,0,0,12
580,370,172,404,1,0,0,0,12
575,370,172,404,1,0,0,0,12
570,370,172,404,1,0,0,0,12
565,370,172,404,1,0,0,0,12
560,370,172,404,1,0,0,0,12
555,370,172,404,1,0,0,0,12
550,370,172,404,1,0,0,0,12
545,370,172,404,1,0,0,0,12
540,370,172,404,1,0,0,0,12
535,370,172,404,1,0,0,0,12
530,370,172,404,1,0,0,0,12
525,370,172,404,1,0,0,0,12
520,370,172,404,1,0,0,0,12
515,370,172,404,1,0,0,0,12
510,370,172,404,1,0,0,0,12
505,370,172,404,1,0,0,0,12
500,370,172,404,1,0,0,0,12
495,370,172,404,1,0,0,0,12
490,370,172,404,1,0,0,0,12
485,370,172,404,1,0,0,0,12
480,370,172,404,1,0,0,0,12
475,370,172,404,1,0,0,0,12
470,370,172,404,1,0,0,0,12
465,370,172,404,1,0,0,0,12
460,370,172,404,1,0,0,0,12
455,370,172,404,1,0,0,0,12
450,370,172,404,1,0,0,0,12
445,370,172,404,1,0,0,0,12
440,370,172,404,1,0,0,0,12
435,370,172,404,1,0,0,0,12
430,370,172,404,1,0,0,0,12
425,370,172,404,1,0,0,0,12
420,370,172,404,1,0,0,0,12
415,370,172,404,1,0,0,0,12
410,370,172,404,1,0,0,0,12
405,370,172,404,1,0,0,0,12
400,370,172,404,1,0,0,0,12
395,370,172,404,1,0,0,0,12
390,370,172,404,1,0,0,0,12
385,370,172,404,1,0,0,0,12
380,370,172,404,1,0,0,0,12
375,370,172,404,1,0,0,0,12
370,370,172,404,1,0,0,0,12
365,370,172,404,1,0,0,0,12
360,370,172,404,1,0,0,0,12
355,370,172,404,1,0,0,0,12
350,370,172,404,1,0,0,0,12
345,370,172,404,1,0,0,0,12
340,370,172,404,1,0,0,0,12
335,370,172,404,1,0,0,0,12
330,370,172,404,1,0,0,0,12
325,370,172,404,1,0,0,0,12
320,370,172,404,1,0,0,0,12
315,370,172,404,1,0,0,0,12
310,370,172,404,1,0,0,0,12
305,370,172,404,1,0,0,0,12
300,370,172,404,1,0,0,0,12
295,370,172,404,1,0,0,0,12
290,370,172,404,1,0,0,0,12
285,370,172,404,1,0,0,0,12
280,370,172,404,1,0,0,0,12
275,370,172,404,1,0,0,0,12
270,370,172,404,1,0,0,0,12
265,370,172,404,1,0,0,0,12
260,370,172,404,1,0,0,0,12
255,370,172,404,1,0,0,0,12
250,370,172,404,1,0,0,0,12
245,370,172,404,1,0,0,0,12
240,370,172,404,1,0,0,0,12
235,370,172,404,1,0,0,0,12
230,370,172,404,1,0,0,0,12
225,370,172,404,1,0,0,0,12
220,370,172,404,1,0,0,0,12
215,370,172,404,1,0,0,0,12
210,370,172,404,1,0,0,0,12
205,370,172,404,1,0,0,0,12
200,370,172,404,1,0,0,0,12
195,370,172,404,1,0,0,0,12
190,370,191,292,1,0,0,0,13
185,370,191,292,1,0,0,0,13
180,370,191,292,1,0,0,0,13
175,370,191,292,1,0,0,0,13
170,370,191,292,1,0,0,0,13
165,370,191,292,1,0,0,0,13
165,370,191,292,0,0,0,0,13
165,365,191,292,0,0,1,0,13
170,360,191,292,0,1,1,0,13
175,355,191,292,0,1,1,0,13
180,350,191,292,0,1,1,0,13
180,345,191,292,0,0,1,0,13
180,340,191,292,0,0,1,0,13
180,335,191,292,0,0,1,0,13
180,330,191,292,0,0,1,0,13
180,325,191,292,0,0,1,0,13
180,320,191,292,0,0,1,0,13
185,315,191,292,0,1,1,0,13
190,310,653,425,0,1,1,0,14
195,310,653,425,0,1,0,0,14
200,310,653,425,0,1,0,0,14
205,310,653,425,0,1,0,0,14
210,305,653,425,0,1,1,0,14
210,300,653,425,0,0,1,0,14
210,295,653,425,0,0,1,0,14
210,290,653,425,0,0,1,0,14
210,285,653,425,0,0,1,0,14
210,280,653,425,0,0,1,0,14
210,275,653,425,0,0,1,0,14
210,270,653,425,0,0,1,0,14
210,265,653,425,0,0,1,0,14
210,260,653,425,0,0,1,0,14
210,255,653,425,0,0,1,0,14
210,250,653,425,0,0,1,0,14
210,245,653,425,0,0,1,0,14
210,240,653,425,0,0,1,0,14
210,235,653,425,0,0,1,0,14
210,230,653,425,0,0,1,0,14
210,225,653,425,0,0,1,0,14
210,225,653,425,0,0,0,0,14
210,225,653,425,0,0,0,0,14
215,225,653,425,0,1,0,0,14
220,225,653,425,0,1,0,0,14
225,225,653,425,0,1,0,0,14
230,225,653,425,0,1,0,0,14
235,225,653,425,0,1,0,0,14
240,225,653,425,0,1,0,0,14
245,225,653,425,0,1,0,0,14
250,225,653,425,0,1,0,0,14
255,225,653,425,0,1,0,0,14
260,225,653,425,0,1,0,0,14
265,225,653,425,0,1,0,0,14
270,225,653,425,0,1,0,0,14
275,225,653,425,0,1,0,0,14
280,225,653,425,0,1,0,0,14
285,225,653,425,0,1,0,0,14
290,225,653,425,0,1,0,0,14
295,225,653,425,0,1,0,0,14
300,225,653,425,0,1,0,0,14
305,225,653,425,0,1,0,0,14
310,225,653,425,0,1,0,0,14
315,225,653,425,0,1,0,0,14
320,225,653,425,0,1,0,0,14
325,225,653,425,0,1,0,0,14
330,230,653,425,0,1,0,1,14
335,235,653,425,0,1,0,1,14
340,240,653,425,0,1,0,1,14
345,245,653,425,0,1,0,1,14
345,250,653,425,0,0,0,1,14
345,255,653,425,0,0,0,1,14
345,260,653,425,0,0,0,1,14
345,265,653,425,0,0,0,1,14
345,270,653,425,0,0,0,1,14
345,275,653,425,0,0,0,1,14
345,280,653,425,0,0,0,1,14
345,285,653,425,0,0,0,1,14
345,290,653,425,0,0,0,1,14
345,295,653,425,0,0,0,1,14
345,300,653,425,0,0,0,1,14
345,305,653,425,0,0,0,1,14
345,310,653,425,0,0,0,1,14
345,315,653,425,0,0,0,1,14
345,320,653,425,0,0,0,1,14
345,325,653,425,0,0,0,1,14
345,330,653,425,0,0,0,1,14
345,335,653,425,0,0,0,1,14
345,340,653,425,0,0,0,1,14
345,345,653,425,0,0,0,1,14
345,350,653,425,0,0,0,1,14
345,355,653,425,0,0,0,1,14
345,360,653,425,0,0,0,1,14
345,365,653,425,0,0,0,1,14
345,370,653,425,0,0,0,1,14
345,375,653,425,0,0,0,1,14
345,380,653,425,0,0,0,1,14
350,385,653,425,0,1,0,1,14
355,385,653,425,0,1,0,0,14
360,385,653,425,0,1,0,0,14
365,385,653,425,0,1,0,0,14
370,385,653,425,0,1,0,0,14
375,385,653,425,0,1,0,0,14
380,385,653,425,0,1,0,0,14
385,385,653,425,0,1,0,0,14
390,385,653,425,0,1,0,0,14
395,385,653,425,0,1,0,0,14
400,385,653,425,0,1,0,0,14
405,385,653,425,0,1,0,0,14
410,385,653,425,0,1,0,0,14
415,385,653,425,0,1,0,0,14
420,385,653,425,0,1,0,0,14
425,385,653,425,0,1,0,0,14
430,385,653,425,0,1,0,0,14
435,385,653,425,0,1,0,0,14
440,385,653,425,0,1,0,0,14
445,385,653,425,0,1,0,0,14
450,385,653,425,0,1,0,0,14
455,385,653,425,0,1,0,0,14
460,385,653,425,0,1,0,0,14
465,385,653,425,0,1,0,0,14
470,385,653,425,0,1,0,0,14
475,385,653,425,0,1,0,0,14
480,385,653,425,0,1,0,0,14
485,385,653,425,0,1,0,0,14
490,385,653,425,0,1,0,0,14
495,385,653,425,0,1,0,0,14
500,385,653,425,0,1,0,0,14
505,385,653,425,0,1,0,0,14
510,385,653,425,0,1,0,0,14
515,385,653,425,0,1,0,0,14
520,385,653,425,0,1,0,0,14
525,385,653,425,0,1,0,0,14
530,385,653,425,0,1,0,0,14
535,385,653,425,0,1,0,0,14
540,385,653,425,0,1,0,0,14
545,385,653,425,0,1,0,0,14
550,385,653,425,0,1,0,0,14
555,385,653,425,0,1,0,0,14
560,385,653,425,0,1,0,0,14
565,385,653,425,0,1,0,0,14
570,385,653,425,0,1,0,0,14
575,385,653,425,0,1,0,0,14
580,385,653,425,0,1,0,0,14
585,385,388,65,0,1,0,0,15
590,385,388,65,0,1,0,0,15
595,385,388,65,0,1,0,0,15
600,385,388,65,0,1,0,0,15
605,385,388,65,0,1,0,0,15
610,385,388,65,0,1,0,0,15
615,385,388,65,0,1,0,0,15
620,385,388,65,0,1,0,0,15
625,385,388,65,0,1,0,0,15
630,385,388,65,0,1,0,0,15
635,385,388,65,0,1,0,0,15
640,385,388,65,0,1,0,0,15
645,380,388,65,0,1,1,0,15
645,375,388,65,0,0,1,0,15
645,370,388,65,0,0,1,0,15
645,365,388,65,0,0,1,0,15
645,360,388,65,0,0,1,0,15
645,355,388,65,0,0,1,0,15
645,350,388,65,0,0,1,0,15
645,345,388,65,0,0,1,0,15
645,340,388,65,0,0,1,0,15
645,335,388,65,0,0,1,0,15
645,330,388,65,0,0,1,0,15
645,325,388,65,0,0,1,0,15
645,320,388,65,0,0,1,0,15
645,315,388,65,0,0,1,0,15
645,310,388,65,0,0,1,0,15
645,305,388,65,0,0,1,0,15
645,300,388,65,0,0,1,0,15
645,295,388,65,0,0,1,0,15
645,290,388,65,0,0,1,0,15
645,285,388,65,0,0,1,0,15
645,280,388,65,0,0,1,0,15
645,275,388,65,0,0,1,0,15
645,270,388,65,0,0,1,0,15
645,265,388,65,0,0,1,0,15
645,260,388,65,0,0,1,0,15
645,255,388,65,0,0,1,0,15
645,250,388,65,0,0,1,0,15
645,245,388,65,0,0,1,0,15
645,240,388,65,0,0,1,0,15
640,235,388,65,1,0,1,0,15
635,230,388,65,1,0,1,0,15
630,230,388,65,1,0,0,0,15
625,230,388,65,1,0,0,0,15
620,230,388,65,1,0,0,0,15
615,230,388,65,1,0,0,0,15
610,230,388,65,1,0,0,0,15
605,230,388,65,1,0,0,0,15
600,230,388,65,1,0,0,0,15
595,230,388,65,1,0,0,0,15
590,230,388,65,1,0,0,0,15
585,230,388,65,1,0,0,0,15
580,230,388,65,1,0,0,0,15
575,230,388,65,1,0,0,0,15
570,230,388,65,1,0,0,0,15
565,230,388,65,1,0,0,0,15
560,230,388,65,1,0,0,0,15
555,230,388,65,1,0,0,0,15
550,230,388,65,1,0,0,0,15
545,230,388,65,1,0,0,0,15
540,230,388,65,1,0,0,0,15
535,230,388,65,1,0,0,0,15
530,230,388,65,1,0,0,0,15
525,230,388,65,1,0,0,0,15
520,230,388,65,1,0,0,0,15
515,230,388,65,1,0,0,0,15
510,230,388,65,1,0,0,0,15
505,230,388,65,1,0,0,0,15
500,230,388,65,1,0,0,0,15
495,230,388,65,1,0,0,0,15
490,230,388,65,1,0,0,0,15
485,230,388,65,1,0,0,0,15
480,230,388,65,1,0,0,0,15
475,230,388,65,1,0,0,0,15
470,230,388,65,1,0,0,0,15
465,230,388,65,1,0,0,0,15
460,230,388,65,1,0,0,0,15
455,230,388,65,1,0,0,0,15
450,230,388,65,1,0,0,0,15
445,230,388,65,1,0,0,0,15
440,230,388,65,1,0,0,0,15
435,230,388,65,1,0,0,0,15
430,230,388,65,1,0,0,0,15
425,225,388,65,1,0,1,0,15
425,220,388,65,0,0,1,0,15
425,215,388,65,0,0,1,0,15
425,210,388,65,0,0,1,0,15
425,205,388,65,0,0,1,0,15
425,200,388,65,0,0,1,0,15
425,195,388,65,0,0,1,0,15
420,190,388,65,1,0,1,0,15
420,185,388,65,0,0,1,0,15
420,180,388,65,0,0,1,0,15
420,175,388,65,0,0,1,0,15
420,170,388,65,0,0,1,0,15
420,165,388,65,0,0,1,0,15
420,160,388,65,0,0,1,0,15
420,155,388,65,0,0,1,0,15
420,150,388,65,0,0,1,0,15
420,145,388,65,0,0,1,0,15
420,140,388,65,0,0,1,0,15
420,135,388,65,0,0,1,0,15
420,130,388,65,0,0,1,0,15
420,125,388,65,0,0,1,0,15
420,120,388,65,0,0,1,0,15
420,115,388,65,0,0,1,0,15
420,110,388,65,0,0,1,0,15
420,105,388,65,0,0,1,0,15
420,100,388,65,0,0,1,0,15
420,100,388,65,0,0,0,0,15
415,100,388,65,1,0,0,0,15
410,100,388,65,1,0,0,0,15
405,100,388,65,1,0,0,0,15
400,100,388,65,1,0,0,0,15
395,100,388,65,1,0,0,0,15
390,100,388,65,1,0,0,0,15
385,100,388,65,1,0,0,0,15
380,100,388,65,1,0,0,0,15
375,100,388,65,1,0,0,0,15
370,100,388,65,1,0,0,0,15
365,100,388,65,1,0,0,0,15
360,100,388,65,1,0,0,0,15
355,100,388,65,1,0,0,0,15
350,100,388,65,1,0,0,0,15
345,100,388,65,1,0,0,0,15
340,100,388,65,1,0,0,0,15
335,100,388,65,1,0,0,0,15
330,100,388,65,1,0,0,0,15
325,100,388,65,1,0,0,0,15
320,100,388,65,1,0,0,0,15
320,100,388,65,0,0,0,0,15
320,95,388,65,0,0,1,0,15
320,90,388,65,0,0,1,0,15
320,85,353,133,0,0,1,0,16
320,80,744,104,0,0,1,0,17
320,75,744,104,0,0,1,0,17
320,70,744,104,0,0,1,0,17
320,65,744,104,0,0,1,0,17
320,60,744,104,0,0,1,0,17
320,55,744,104,0,0,1,0,17
320,50,744,104,0,0,1,0,17
320,50,744,104,0,0,0,0,17
325,50,744,104,0,1,0,0,17
330,50,744,104,0,1,0,0,17
335,50,744,104,0,1,0,0,17
340,50,744,104,0,1,0,0,17
345,50,744,104,0,1,0,0,17
350,50,744,104,0,1,0,0,17
355,50,744,104,0,1,0,0,17
360,50,744,104,0,1,0,0,17
365,50,744,104,0,1,0,0,17
370,50,744,104,0,1,0,0,17
375,50,744,104,0,1,0,0,17
380,50,744,104,0,1,0,0,17
385,50,744,104,0,1,0,0,17
390,50,744,104,0,1,0,0,17
395,50,744,104,0,1,0,0,17
400,50,744,104,0,1,0,0,17
405,50,744,104,0,1,0,0,17
410,50,744,104,0,1,0,0,17
415,50,744,104,0,1,0,0,17
420,50,744,104,0,1,0,0,17
425,50,744,104,0,1,0,0,17
430,50,744,104,0,1,0,0,17
435,50,744,104,0,1,0,0,17
440,50,744,104,0,1,0,0,17
445,55,744,104,0,1,0,1,17
450,60,744,104,0,1,0,1,17
455,60,744,104,0,1,1,1,17
460,60,744,104,0,1,1,1,17
465,60,744,104,0,1,1,1,17
465,60,744,104,0,0,1,1,17
465,60,744,104,0,0,1,1,17
465,60,744,104,0,0,1,1,17
465,60,744,104,0,0,1,1,17
465,60,744,104,0,0,1,1,17
465,65,744,104,0,0,0,1,17
465,70,744,104,0,0,0,1,17
465,75,744,104,0,0,0,1,17
465,80,744,104,0,0,0,1,17
465,85,744,104,0,0,0,1,17
465,90,744,104,0,0,0,1,17
465,95,744,104,0,0,0,1,17
465,100,744,104,0,0,0,1,17
465,105,744,104,0,0,0,1,17
465,110,744,104,0,0,0,1,17
470,115,744,104,0,1,0,1,17
475,120,744,104,0,1,0,1,17
480,125,744,104,0,1,0,1,17
485,130,744,104,0,1,0,1,17
490,130,744,104,0,1,0,0,17
495,130,744,104,0,1,0,0,17
500,130,744,104,0,1,0,0,17
505,130,744,104,0,1,0,0,17
510,130,744,104,0,1,0,0,17
515,130,744,104,0,1,0,0,17
520,130,744,104,0,1,0,0,17
525,130,744,104,0,1,0,0,17
530,130,744,104,0,1,0,0,17
535,130,744,104,0,1,0,0,17
540,130,744,104,0,1,0,0,17
545,130,744,104,0,1,0,0,17
550,130,744,104,0,1,0,0,17
555,130,744,104,0,1,0,0,17
560,130,744,104,0,1,0,0,17
565,125,744,104,0,1,1,0,17
570,120,744,104,0,1,1,0,17
575,115,744,104,0,1,1,0,17
580,110,744,104,0,1,1,0,17
585,105,744,104,0,1,1,0,17
590,100,744,104,0,1,1,0,17
595,95,744,104,0,1,1,0,17
600,90,744,104,0,1,1,0,17
605,85,744,104,0,1,1,0,17
610,80,744,104,0,1,1,0,17
615,75,744,104,0,1,1,0,17
620,70,744,104,0,1,1,0,17
625,65,744,104,0,1,1,0,17
630,60,744,104,0,1,1,0,17
635,55,744,104,0,1,1,0,17
640,50,744,104,0,1,1,0,17
645,45,744,104,0,1,1,0,17
650,45,744,104,0,1,0,0,17
655,45,744,104,0,1,0,0,17
660,45,744,104,0,1,0,0,17
665,45,744,104,0,1,0,0,17
670,45,744,104,0,1,0,0,17
675,45,300,69,0,1,0,0,18
680,45,300,69,0,1,0,0,18
685,45,300,69,0,1,0,0,18
690,45,300,69,0,1,0,0,18
695,45,300,69,0,1,0,0,18
700,45,300,69,0,1,0,0,18
705,45,300,69,0,1,0,0,18
710,45,300,69,0,1,0,0,18
715,45,300,69,0,1,0,0,18
720,45,300,69,0,1,0,0,18
725,50,300,69,0,1,0,1,18
725,55,300,69,0,0,0,1,18
725,60,300,69,0,0,0,1,18
725,65,300,69,0,0,0,1,18
725,70,300,69,0,0,0,1,18
725,75,300,69,0,0,0,1,18
725,80,300,69,0,0,0,1,18
725,85,300,69,0,0,0,1,18
725,90,300,69,0,0,0,1,18
725,95,300,69,0,0,0,1,18
725,100,300,69,0,0,0,1,18
725,100,300,69,0,0,0,0,18
725,100,300,69,0,0,0,0,18
720,100,300,69,1,0,0,0,18
715,100,300,69,1,0,0,0,18
710,100,300,69,1,0,0,0,18
705,100,300,69,1,0,0,0,18
700,100,300,69,1,0,0,0,18
695,100,300,69,1,0,0,0,18
690,100,300,69,1,0,0,0,18
685,100,300,69,1,0,0,0,18
680,100,300,69,1,0,0,0,18
675,100,300,69,1,0,0,0,18
670,100,300,69,1,0,0,0,18
665,100,300,69,1,0,0,0,18
660,100,300,69,1,0,0,0,18
655,100,300,69,1,0,0,0,18
650,100,300,69,1,0,0,0,18
645,95,300,69,1,0,1,0,18
640,90,300,69,1,0,1,0,18
635,85,300,69,1,0,1,0,18
630,85,300,69,1,0,0,0,18
625,85,300,69,1,0,0,0,18
620,85,300,69,1,0,0,0,18
615,85,300,69,1,0,0,0,18
610,85,300,69,1,0,0,0,18
605,85,300,69,1,0,0,0,18
600,85,300,69,1,0,0,0,18
595,85,300,69,1,0,0,0,18
590,85,300,69,1,0,0,0,18
585,85,300,69,1,0,0,0,18
580,85,300,69,1,0,0,0,18
575,85,300,69,1,0,0,0,18
570,85,300,69,1,0,0,0,18
565,85,300,69,1,0,0,0,18
560,85,300,69,1,0,0,0,18
555,85,300,69,1,0,0,0,18
550,85,300,69,1,0,0,0,18
545,85,300,69,1,0,0,0,18
540,85,300,69,1,0,0,0,18
535,85,300,69,1,0,0,0,18
530,85,300,69,1,0,0,0,18
525,80,300,69,1,0,1,0,18
520,75,300,69,1,0,1,0,18
515,70,300,69,1,0,1,0,18
510,65,300,69,1,0,1,0,18
505,60,300,69,1,0,1,0,18
500,55,300,69,1,0,1,0,18
495,50,300,69,1,0,1,0,18
490,50,300,69,1,0,0,0,18
485,50,300,69,1,0,0,0,18
480,50,300,69,1,0,0,0,18
475,50,300,69,1,0,0,0,18
470,50,300,69,1,0,0,0,18
465,50,300,69,1,0,0,0,18
460,50,300,69,1,0,0,0,18
455,50,300,69,1,0,0,0,18
450,50,300,69,1,0,0,0,18
445,50,300,69,1,0,0,0,18
440,50,300,69,1,0,0,0,18
435,50,300,69,1,0,0,0,18
430,50,300,69,1,0,0,0,18
425,50,300,69,1,0,0,0,18
420,50,300,69,1,0,0,0,18
415,50,300,69,1,0,0,0,18
410,50,300,69,1,0,0,0,18
405,50,300,69,1,0,0,0,18
400,50,300,69,1,0,0,0,18
395,50,300,69,1,0,0,0,18
390,50,300,69,1,0,0,0,18
385,50,300,69,1,0,0,0,18
380,50,300,69,1,0,0,0,18
375,50,300,69,1,0,0,0,18
370,50,300,69,1,0,0,0,18
365,50,300,69,1,0,0,0,18
360,50,300,69,1,0,0,0,18
355,50,300,69,1,0,0,0,18
350,50,300,69,1,0,0,0,18
345,50,300,69,1,0,0,0,18
340,50,300,69,1,0,0,0,18
335,50,300,69,1,0,0,0,18
330,50,300,69,1,0,0,0,18
325,50,300,69,1,0,0,0,18
320,50,476,316,1,0,0,0,19
315,50,476,316,1,0,0,0,19
310,50,476,316,1,0,0,0,19
305,50,476,316,1,0,0,0,19
300,50,476,316,1,0,0,0,19
295,50,476,316,1,0,0,0,19
290,50,476,316,1,0,0,0,19
290,50,476,316,0,0,0,0,19
290,55,476,316,0,0,0,1,19
290,60,476,316,0,0,0,1,19
290,65,476,316,0,0,0,1,19
290,70,476,316,0,0,0,1,19
290,75,476,316,0,0,0,1,19
290,80,476,316,0,0,0,1,19
290,85,476,316,0,0,0,1,19
290,90,476,316,0,0,0,1,19
290,95,476,316,0,0,0,1,19
290,100,476,316,0,0,0,1,19
290,105,476,316,0,0,0,1,19
290,110,476,316,0,0,0,1,19
290,115,476,316,0,0,0,1,19
290,120,476,316,0,0,0,1,19
290,125,476,316,0,0,0,1,19
290,130,476,316,0,0,0,1,19
290,135,476,316,0,0,0,1,19
290,140,476,316,0,0,0,1,19
290,145,476,316,0,0,0,1,19
290,150,476,316,0,0,0,1,19
290,155,476,316,0,0,0,1,19
295,160,476,316,0,1,0,1,19
300,165,476,316,0,1,0,1,19
300,170,476,316,0,0,0,1,19
300,175,476,316,0,0,0,1,19
300,180,476,316,0,0,0,1,19
300,185,476,316,0,0,0,1,19
300,190,476,316,0,0,0,1,19
300,195,476,316,0,0,0,1,19
300,200,476,316,0,0,0,1,19
300,205,476,316,0,0,0,1,19
300,210,476,316,0,0,0,1,19
300,215,476,316,0,0,0,1,19
300,220,476,316,0,0,0,1,19
300,225,476,316,0,0,0,1,19
300,230,476,316,0,0,0,1,19
300,235,476,316,0,0,0,1,19
300,240,476,316,0,0,0,1,19
300,245,476,316,0,0,0,1,19
300,250,476,316,0,0,0,1,19
300,255,476,316,0,0,0,1,19
300,260,476,316,0,0,0,1,19
300,265,476,316,0,0,0,1,19
300,270,476,316,0,0,0,1,19
300,275,476,316,0,0,0,1,19
305,280,476,316,0,1,0,1,19
310,285,476,316,0,1,0,1,19
315,290,476,316,0,1,0,1,19
320,295,476,316,0,1,0,1,19
325,300,476,316,0,1,0,1,19
330,305,476,316,0,1,0,1,19
335,310,476,316,0,1,0,1,19
340,315,476,316,0,1,0,1,19
345,320,476,316,0,1,0,1,19
350,325,476,316,0,1,0,1,19
355,330,476,316,0,1,0,1,19
360,335,476,316,0,1,0,1,19
365,340,476,316,0,1,0,1,19
370,345,476,316,0,1,0,1,19
375,350,476,316,0,1,0,1,19
380,355,476,316,0,1,0,1,19
385,360,476,316,0,1,0,1,19
390,365,476,316,0,1,0,1,19
395,370,476,316,0,1,0,1,19
400,375,476,316,0,1,0,1,19
405,380,476,316,0,1,0,1,19
410,385,476,316,0,1,0,1,19
415,385,476,316,0,1,0,0,19
420,385,476,316,0,1,0,0,19
425,385,476,316,0,1,0,0,19
430,385,476,316,0,1,0,0,19
435,385,476,316,0,1,0,0,19
435,385,476,316,0,0,0,0,19
435,385,476,316,0,0,0,0,19
435,380,476,316,0,0,1,0,19
435,375,476,316,0,0,1,0,19
435,370,476,316,0,0,1,0,19
435,365,476,316,0,0,1,0,19
435,360,476,316,0,0,1,0,19
435,355,476,316,0,0,1,0,19
435,350,476,316,0,0,1,0,19
435,345,476,316,0,0,1,0,19
435,340,476,316,0,0,1,0,19
435,335,73,321,0,0,1,0,20
435,330,73,321,0,0,1,0,20
435,325,73,321,0,0,1,0,20
435,320,73,321,0,0,1,0,20
435,315,73,321,0,0,1,0,20
435,310,73,321,0,0,1,0,20
435,305,73,321,0,0,1,0,20
435,300,73,321,0,0,1,0,20
435,295,73,321,0,0,1,0,20
435,290,73,321,0,0,1,0,20
435,285,73,321,0,0,1,0,20
435,285,73,321,0,0,0,0,20
435,285,73,321,0,0,0,0,20
435,285,73,321,0,0,0,0,20
435,285,73,321,0,0,0,0,20
435,285,73,321,0,0,0,0,20
435,285,73,321,0,0,0,0,20
435,285,73,321,0,0,0,0,20
440,285,73,321,0,1,0,0,20
445,285,73,321,0,1,0,0,20
445,285,73,321,0,0,0,0,20
445,285,73,321,0,0,0,0,20
445,285,73,321,0,0,0,0,20
445,285,73,321,0,0,0,0,20
440,285,73,321,1,0,0,0,20
435,285,73,321,1,0,0,0,20
430,285,73,321,1,0,0,0,20
425,285,73,321,1,0,0,0,20
420,285,73,321,1,0,0,0,20
415,285,73,321,1,0,0,0,20
410,285,73,321,1,0,0,0,20
405,285,73,321,1,0,0,0,20
400,285,73,321,1,0,0,0,20
395,285,73,321,1,0,0,0,20
390,285,73,321,1,0,0,0,20
385,285,73,321,1,0,0,0,20
380,285,73,321,1,0,0,0,20
375,285,73,321,1,0,0,0,20
370,285,73,321,1,0,0,0,20
365,285,73,321,1,0,0,0,20
360,285,73,321,1,0,0,0,20
355,285,73,321,1,0,0,0,20
350,285,73,321,1,0,0,0,20
345,285,73,321,1,0,0,0,20
340,285,73,321,1,0,0,0,20
335,285,73,321,1,0,0,0,20
330,285,73,321,1,0,0,0,20
325,285,73,321,1,0,0,0,20
320,285,73,321,1,0,0,0,20
315,285,73,321,1,0,0,0,20
310,285,73,321,1,0,0,0,20
305,285,73,321,1,0,0,0,20
300,285,73,321,1,0,0,0,20
295,285,73,321,1,0,0,0,20
290,285,73,321,1,0,0,0,20
285,285,73,321,1,0,0,0,20
280,285,73,321,1,0,0,0,20
275,285,73,321,1,0,0,0,20
270,285,73,321,1,0,0,0,20
265,285,73,321,1,0,0,0,20
260,285,73,321,1,0,0,0,20
255,285,73,321,1,0,0,0,20
250,285,73,321,1,0,0,0,20
245,285,73,321,1,0,0,0,20
240,285,73,321,1,0,0,0,20
235,285,73,321,1,0,0,0,20
230,285,73,321,1,0,0,0,20
225,285,73,321,1,0,0,0,20
220,285,73,321,1,0,0,0,20
215,285,73,321,1,0,0,0,20
210,285,73,321,1,0,0,0,20
205,285,73,321,1,0,0,0,20
200,285,73,321,1,0,0,0,20
195,285,73,321,1,0,0,0,20
190,285,73,321,1,0,0,0,20
185,285,73,321,1,0,0,0,20
180,285,73,321,1,0,0,0,20
175,285,73,321,1,0,0,0,20
170,285,73,321,1,0,0,0,20
165,285,73,321,1,0,0,0,20
160,285,73,321,1,0,0,0,20
155,285,73,321,1,0,0,0,20
150,285,73,321,1,0,0,0,20
145,285,73,321,1,0,0,0,20
140,285,73,321,1,0,0,0,20
135,285,73,321,1,0,0,0,20
130,285,73,321,1,0,0,0,20
125,285,73,321,1,0,0,0,20
120,285,73,321,1,0,0,0,20
115,285,73,321,1,0,0,0,20
110,285,73,321,1,0,0,0,20
105,285,73,321,1,0,0,0,20
100,285,73,321,1,0,0,0,20
95,285,73,321,1,0,0,0,20
90,285,68,185,1,0,0,0,21
85,285,68,185,1,0,0,0,21
80,285,68,185,1,0,0,0,21
75,285,68,185,1,0,0,0,21
70,285,68,185,1,0,0,0,21
75,285,68,185,0,1,0,0,21
80,285,68,185,0,1,0,0,21
85,285,68,185,0,1,0,0,21
90,285,68,185,0,1,0,0,21
95,285,68,185,0,1,0,0,21
100,285,68,185,0,1,0,0,21
105,285,68,185,0,1,0,0,21
110,285,68,185,0,1,0,0,21
115,285,68,185,0,1,0,0,21
120,285,68,185,0,1,0,0,21
125,285,68,185,0,1,0,0,21
130,285,68,185,0,1,0,0,21
135,285,68,185,0,1,0,0,21
140,285,68,185,0,1,0,0,21
145,285,68,185,0,1,0,0,21
150,285,68,185,0,1,1,1,21
150,285,68,185,0,0,1,1,21
150,285,68,185,0,0,1,1,21
150,285,68,185,0,0,1,1,21
150,285,68,185,0,0,1,1,21
150,285,68,185,0,0,1,1,21
150,285,68,185,0,0,1,1,21
145,285,68,185,1,0,1,1,21
140,280,68,185,1,0,1,0,21
135,280,68,185,1,0,0,0,21
130,280,68,185,1,0,0,0,21
125,280,68,185,1,0,0,0,21
120,280,68,185,1,0,0,0,21
115,275,68,185,1,0,1,0,21
110,270,68,185,1,0,1,0,21
110,265,68,185,0,0,1,0,21
110,260,68,185,0,0,1,0,21
110,255,68,185,0,0,1,0,21
110,250,68,185,0,0,1,0,21
110,245,68,185,0,0,1,0,21
110,240,68,185,0,0,1,0,21
110,235,68,185,0,0,1,0,21
110,230,68,185,0,0,1,0,21
110,225,68,185,0,0,1,0,21
110,220,68,185,0,0,1,0,21
110,215,68,185,0,0,1,0,21
110,210,68,185,0,0,1,0,21
110,205,68,185,0,0,1,0,21
110,200,68,185,0,0,1,0,21
110,195,68,185,0,0,1,0,21
110,190,68,185,0,0,1,0,21
110,185,68,185,0,0,1,0,21
110,180,68,185,0,0,1,0,21
110,175,68,185,0,0,1,0,21
105,170,68,185,1,0,1,0,21
100,165,68,185,1,0,1,0,21
95,165,68,185,1,0,0,0,21
90,165,68,185,1,0,0,0,21
85,165,263,87,1,0,0,0,22
80,165,263,87,1,0,0,0,22
75,165,263,87,1,0,0,0,22
70,165,263,87,1,0,0,0,22
65,165,263,87,1,0,0,0,22
60,165,263,87,1,0,0,0,22
55,165,263,87,1,0,0,0,22
50,165,263,87,1,0,0,0,22
45,165,263,87,1,0,0,0,22
40,165,263,87,1,0,0,0,22
35,165,263,87,1,0,0,0,22
30,165,263,87,1,0,0,0,22
25,165,263,87,1,0,0,0,22
20,165,263,87,1,0,0,0,22
20,165,263,87,0,0,0,0,22
20,165,263,87,0,0,0,0,22
20,165,263,87,0,0,0,0,22
20,165,263,87,0,0,0,0,22
20,165,263,87,0,0,0,0,22
20,165,263,87,0,0,0,0,22
20,165,263,87,0,0,0,0,22
25,165,263,87,0,1,0,0,22
30,165,263,87,0,1,0,0,22
35,165,263,87,0,1,0,0,22
40,165,263,87,0,1,0,0,22
45,165,263,87,0,1,0,0,22
50,165,263,87,0,1,0,0,22
55,165,263,87,0,1,0,0,22
60,165,263,87,0,1,0,0,22
65,165,263,87,0,1,0,0,22
70,165,263,87,0,1,0,0,22
75,165,263,87,0,1,0,0,22
80,165,263,87,0,1,0,0,22
85,165,263,87,0,1,0,0,22
90,165,263,87,0,1,0,0,22
95,165,263,87,0,1,0,0,22
100,165,263,87,0,1,0,0,22
105,160,263,87,0,1,1,0,22
110,155,263,87,0,1,1,0,22
115,150,263,87,0,1,1,0,22
120,145,263,87,0,1,1,0,22
125,140,263,87,0,1,1,0,22
130,135,263,87,0,1,1,0,22
135,130,263,87,0,1,1,0,22
140,125,263,87,0,1,1,0,22
145,120,263,87,0,1,1,0,22
150,115,263,87,0,1,1,0,22
155,110,263,87,0,1,1,0,22
160,105,263,87,0,1,1,0,22
165,100,263,87,0,1,1,0,22
170,100,263,87,0,1,0,0,22
175,100,263,87,0,1,0,0,22
180,100,263,87,0,1,0,0,22
185,100,263,87,0,1,0,0,22
190,100,263,87,0,1,0,0,22
195,100,107,461,0,1,0,0,23
200,100,107,461,0,1,0,0,23
205,100,107,461,0,1,0,0,23
210,100,107,461,0,1,0,0,23
215,100,107,461,0,1,0,0,23
220,100,107,461,0,1,0,0,23
225,100,107,461,0,1,0,0,23
230,100,107,461,0,1,0,0,23
235,100,107,461,0,1,0,0,23
240,100,107,461,0,1,0,0,23
245,100,107,461,0,1,0,0,23
250,100,107,461,0,1,0,0,23
255,100,107,461,0,1,0,0,23
260,100,107,461,0,1,0,0,23
265,100,107,461,0,1,0,0,23
270,100,107,461,0,1,0,0,23
275,100,107,461,0,1,0,0,23
280,100,107,461,0,1,0,0,23
285,100,107,461,0,1,0,0,23
290,100,107,461,0,1,0,0,23
290,100,107,461,0,0,0,0,23
290,100,107,461,0,0,0,0,23
290,100,107,461,0,0,0,0,23
290,100,107,461,0,0,0,0,23
285,100,107,461,1,0,0,0,23
280,100,107,461,1,0,0,0,23
280,100,107,461,0,0,0,0,23
280,105,107,461,0,0,0,1,23
280,110,107,461,0,0,0,1,23
280,115,107,461,0,0,0,1,23
280,120,107,461,0,0,0,1,23
280,125,107,461,0,0,0,1,23
280,130,107,461,0,0,0,1,23
280,135,107,461,0,0,0,1,23
280,140,107,461,0,0,0,1,23
280,145,107,461,0,0,0,1,23
280,150,107,461,0,0,0,1,23
280,155,107,461,0,0,0,1,23
280,160,107,461,0,0,0,1,23
280,165,107,461,0,0,0,1,23
280,170,107,461,0,0,0,1,23
280,175,107,461,0,0,0,1,23
280,180,107,461,0,0,0,1,23
280,185,107,461,0,0,0,1,23
280,190,107,461,0,0,0,1,23
280,195,107,461,0,0,0,1,23
280,200,107,461,0,0,0,1,23
280,205,107,461,0,0,0,1,23
280,210,107,461,0,0,0,1,23
280,215,107,461,0,0,0,1,23
280,220,107,461,0,0,0,1,23
280,225,107,461,0,0,0,1,23
280,230,107,461,0,0,0,1,23
280,235,107,461,0,0,0,1,23
280,240,107,461,0,0,0,1,23
280,245,107,461,0,0,0,1,23
280,250,107,461,0,0,0,1,23
280,255,107,461,0,0,0,1,23
280,260,107,461,0,0,0,1,23
280,265,107,461,0,0,0,1,23
275,270,107,461,1,0,0,1,23
270,275,107,461,1,0,0,1,23
265,280,107,461,1,0,0,1,23
260,285,107,461,1,0,0,1,23
255,290,107,461,1,0,0,1,23
250,295,107,461,1,0,0,1,23
245,300,107,461,1,0,0,1,23
240,305,107,461,1,0,0,1,23
235,310,107,461,1,0,0,1,23
230,315,107,461,1,0,0,1,23
225,320,107,461,1,0,0,1,23
220,325,107,461,1,0,0,1,23
215,330,107,461,1,0,0,1,23
210,335,107,461,1,0,0,1,23
205,340,107,461,1,0,0,1,23
200,345,107,461,1,0,0,1,23
195,350,107,461,1,0,0,1,23
190,355,107,461,1,0,0,1,23
185,360,107,461,1,0,0,1,23
180,365,107,461,1,0,0,1,23
175,370,107,461,1,0,0,1,23
170,375,107,461,1,0,0,1,23
165,380,107,461,1,0,0,1,23
160,385,107,461,1,0,0,1,23
155,390,107,461,1,0,0,1,23
150,395,107,461,1,0,0,1,23
145,400,107,461,1,0,0,1,23
140,405,107,461,1,0,0,1,23
135,410,107,461,1,0,0,1,23
130,415,107,461,1,0,0,1,23
125,420,840,429,1,0,0,1,24
120,425,840,429,1,0,0,1,24
115,430,840,429,1,0,0,1,24
110,435,840,429,1,0,0,1,24
105,440,840,429,1,0,0,1,24
105,445,840,429,0,0,0,1,24
105,450,840,429,0,0,0,1,24
105,450,840,429,0,0,0,0,24
105,450,840,429,0,0,0,0,24
105,450,840,429,0,0,0,0,24
105,450,840,429,0,0,0,0,24
105,450,840,429,0,0,0,0,24
105,450,840,429,0,0,0,0,24
105,450,840,429,0,0,0,0,24
105,450,840,429,0,0,0,0,24
105,450,840,429,0,0,0,0,24
105,450,840,429,0,0,0,0,24
105,450,840,429,0,0,0,0,24
105,450,840,429,0,0,0,0,24
105,450,840,429,0,0,0,0,24
105,450,840,429,0,0,0,0,24
105,450,840,429,0,0,0,0,24
105,450,840,429,0,0,0,0,24
105,450,840,429,0,0,0,0,24
105,450,840,429,0,0,0,0,24
105,450,840,429,0,0,0,0,24
105,450,840,429,0,0,0,0,24
105,450,840,429,0,0,0,0,24
105,450,840,429,0,0,0,0,24
105,450,840,429,0,0,0,0,24
105,450,840,429,0,0,0,0,24
105,450,840,429,0,0,0,0,24
105,450,840,429,0,0,0,0,24
105,450,840,429,0,0,0,0,24
105,450,840,429,0,0,0,0,24
110,450,840,429,0,1,0,0,24
115,450,840,429,0,1,0,0,24
120,450,840,429,0,1,0,0,24
125,450,840,429,0,1,0,0,24
130,450,840,429,0,1,0,0,24
135,450,840,429,0,1,0,0,24
140,450,840,429,0,1,0,0,24
145,450,840,429,0,1,0,0,24
150,450,840,429,0,1,0,0,24
155,450,840,429,0,1,0,0,24
160,450,840,429,0,1,0,0,24
165,450,840,429,0,1,0,0,24
170,450,840,429,0,1,0,0,24
175,450,840,429,0,1,0,0,24
180,450,840,429,0,1,0,0,24
185,450,840,429,0,1,0,0,24
190,450,840,429,0,1,0,0,24
195,450,840,429,0,1,0,0,24
200,450,840,429,0,1,0,0,24
205,450,840,429,0,1,0,0,24
210,450,840,429,0,1,0,0,24
215,450,840,429,0,1,0,0,24
220,450,840,429,0,1,0,0,24
225,450,840,429,0,1,0,0,24
230,450,840,429,0,1,0,0,24
235,450,840,429,0,1,0,0,24
240,450,840,429,0,1,0,0,24
245,450,840,429,0,1,0,0,24
250,450,840,429,0,1,0,0,24
255,450,840,429,0,1,0,0,24
260,450,840,429,0,1,0,0,24
265,450,840,429,0,1,0,0,24
270,450,840,429,0,1,0,0,24
275,450,840,429,0,1,0,0,24
280,450,840,429,0,1,0,0,24
285,450,840,429,0,1,0,0,24
290,450,840,429,0,1,0,0,24
295,450,840,429,0,1,0,0,24
300,450,840,429,0,1,0,0,24
305,450,840,429,0,1,0,0,24
310,450,840,429,0,1,0,0,24
315,450,840,429,0,1,0,0,24
320,450,840,429,0,1,0,0,24
325,450,840,429,0,1,0,0,24
330,450,840,429,0,1,0,0,24
335,450,840,429,0,1,0,0,24
340,450,840,429,0,1,0,0,24
345,450,840,429,0,1,0,0,24
350,450,840,429,0,1,0,0,24
355,450,840,429,0,1,0,0,24
360,450,840,429,0,1,0,0,24
365,450,840,429,0,1,0,0,24
370,450,840,429,0,1,0,0,24
375,445,840,429,0,1,1,0,24
380,440,840,429,0,1,1,0,24
385,435,840,429,0,1,1,0,24
390,430,840,429,0,1,1,0,24
395,425,840,429,0,1,1,0,24
400,420,840,429,0,1,1,0,24
405,415,840,429,0,1,1,0,24
410,410,840,429,0,1,1,0,24
415,405,840,429,0,1,1,0,24
420,400,840,429,0,1,1,0,24
425,395,840,429,0,1,1,0,24
430,395,840,429,0,1,0,0,24
435,395,840,429,0,1,0,0,24
440,395,840,429,0,1,0,0,24
445,395,840,429,0,1,0,0,24
450,395,840,429,0,1,0,0,24
455,395,840,429,0,1,0,0,24
460,395,840,429,0,1,0,0,24
465,395,840,429,0,1,0,0,24
470,395,840,429,0,1,0,0,24
475,395,840,429,0,1,0,0,24
480,395,840,429,0,1,0,0,24
485,395,840,429,0,1,0,0,24
490,395,840,429,0,1,0,0,24
495,395,840,429,0,1,0,0,24
500,395,840,429,0,1,0,0,24
505,395,840,429,0,1,0,0,24
510,395,840,429,0,1,0,0,24
515,395,840,429,0,1,0,0,24
520,395,840,429,0,1,0,0,24
525,395,840,429,0,1,0,0,24
530,395,840,429,0,1,0,0,24
535,395,840,429,0,1,0,0,24
540,395,840,429,0,1,0,0,24
545,395,840,429,0,1,0,0,24
550,395,840,429,0,1,0,0,24
555,395,840,429,0,1,0,0,24
560,395,840,429,0,1,0,0,24
565,395,840,429,0,1,0,0,24
570,395,840,429,0,1,0,0,24
575,395,840,429,0,1,0,0,24
580,395,840,429,0,1,0,0,24
585,395,840,429,0,1,0,0,24
590,395,840,429,0,1,0,0,24
595,395,840,429,0,1,0,0,24
600,395,840,429,0,1,0,0,24
605,395,840,429,0,1,0,0,24
610,395,840,429,0,1,0,0,24
615,395,840,429,0,1,0,0,24
620,395,840,429,0,1,0,0,24
625,395,840,429,0,1,0,0,24
630,395,840,429,0,1,0,0,24
635,395,840,429,0,1,0,0,24
640,395,840,429,0,1,0,0,24
645,395,840,429,0,1,0,0,24
650,395,840,429,0,1,0,0,24
655,395,840,429,0,1,0,0,24
660,395,840,429,0,1,0,0,24
665,395,840,429,0,1,0,0,24
670,395,840,429,0,1,0,0,24
675,395,840,429,0,1,0,0,24
680,395,840,429,0,1,0,0,24
685,395,840,429,0,1,0,0,24
690,395,840,429,0,1,0,0,24
695,395,840,429,0,1,0,0,24
700,395,840,429,0,1,0,0,24
705,395,840,429,0,1,0,0,24
710,395,840,429,0,1,0,0,24
715,395,840,429,0,1,0,0,24
720,395,840,429,0,1,0,0,24
725,395,840,429,0,1,0,0,24
730,395,840,429,0,1,0,0,24
735,395,840,429,0,1,0,0,24
740,395,840,429,0,1,0,0,24
745,395,840,429,0,1,0,0,24
750,395,840,429,0,1,0,0,24
755,395,840,429,0,1,0,0,24
760,395,840,429,0,1,0,0,24
765,395,840,429,0,1,0,0,24
770,395,733,79,0,1,0,0,25
770,395,733,79,0,0,0,0,25
770,395,733,79,0,0,0,0,25
770,395,733,79,0,0,0,0,25
770,395,733,79,0,0,0,0,25
770,395,733,79,0,0,0,0,25
770,395,733,79,0,0,0,0,25
775,395,733,79,0,1,0,0,25
780,395,733,79,0,1,0,0,25
785,395,733,79,0,1,0,0,25
785,395,733,79,0,0,0,0,25
785,390,733,79,0,0,1,0,25
785,385,733,79,0,0,1,0,25
785,380,733,79,0,0,1,0,25
785,375,733,79,0,0,1,0,25
785,370,733,79,0,0,1,0,25
785,365,733,79,0,0,1,0,25
785,360,733,79,0,0,1,0,25
785,355,733,79,0,0,1,0,25
785,350,733,79,0,0,1,0,25
785,345,733,79,0,0,1,0,25
785,340,733,79,0,0,1,0,25
785,335,733,79,0,0,1,0,25
785,330,733,79,0,0,1,0,25
785,325,733,79,0,0,1,0,25
785,320,733,79,0,0,1,0,25
785,315,733,79,0,0,1,0,25
785,310,733,79,0,0,1,0,25
785,305,733,79,0,0,1,0,25
785,300,733,79,0,0,1,0,25
785,295,733,79,0,0,1,0,25
785,290,733,79,0,0,1,0,25
785,285,733,79,0,0,1,0,25
785,280,733,79,0,0,1,0,25
785,275,733,79,0,0,1,0,25
785,270,733,79,0,0,1,0,25
785,265,733,79,0,0,1,0,25
785,260,733,79,0,0,1,0,25
785,255,733,79,0,0,1,0,25
785,250,733,79,0,0,1,0,25
785,245,733,79,0,0,1,0,25
785,240,733,79,0,0,1,0,25
785,235,733,79,0,0,1,0,25
785,230,733,79,0,0,1,0,25
785,225,733,79,0,0,1,0,25
785,220,733,79,0,0,1,0,25
785,215,733,79,0,0,1,0,25
785,210,733,79,0,0,1,0,25
785,205,733,79,0,0,1,0,25
785,200,733,79,0,0,1,0,25
785,195,733,79,0,0,1,0,25
785,190,733,79,0,0,1,0,25
785,185,733,79,0,0,1,0,25
785,180,733,79,0,0,1,0,25
780,175,733,79,1,0,1,0,25
775,170,733,79,1,0,1,0,25
770,165,733,79,1,0,1,0,25
765,160,733,79,1,0,1,0,25
760,155,733,79,1,0,1,0,25
755,150,733,79,1,0,1,0,25
750,145,733,79,1,0,1,0,25
745,140,733,79,1,0,1,0,25
740,135,733,79,1,0,1,0,25
735,130,733,79,1,0,1,0,25
735,125,733,79,0,0,1,0,25
735,120,733,79,0,0,1,0,25
735,115,733,79,0,0,1,0,25
735,110,733,79,0,0,1,0,25
735,105,733,79,0,0,1,0,25
735,100,722,177,0,0,1,0,26
735,95,722,177,0,0,1,0,26
735,90,722,177,0,0,1,0,26
735,85,722,177,0,0,1,0,26
735,80,722,177,0,0,1,0,26
735,75,722,177,0,0,1,0,26
735,70,722,177,0,0,1,0,26
735,65,722,177,0,0,1,0,26
735,60,722,177,0,0,1,0,26
735,55,722,177,0,0,1,0,26
735,50,722,177,0,0,1,0,26
735,45,722,177,0,0,1,0,26
735,40,722,177,0,0,1,0,26
735,35,722,177,0,0,1,0,26
735,30,722,177,0,0,1,0,26
735,25,722,177,0,0,1,0,26
735,20,722,177,0,0,1,0,26
735,15,722,177,0,0,1,0,26
730,10,722,177,1,0,1,0,26
725,10,722,177,1,0,0,0,26
720,10,722,177,1,0,0,0,26
715,10,722,177,1,0,0,0,26
710,10,722,177,1,0,0,0,26
705,10,722,177,1,0,0,0,26
700,10,722,177,1,0,0,0,26
695,10,722,177,1,0,0,0,26
690,10,722,177,1,0,0,0,26
685,10,722,177,1,0,0,0,26
685,10,722,177,0,0,0,0,26
685,15,722,177,0,0,0,1,26
685,20,722,177,0,0,0,1,26
685,25,722,177,0,0,0,1,26
685,30,722,177,0,0,0,1,26
685,35,722,177,0,0,0,1,26
685,40,722,177,0,0,0,1,26
685,45,722,177,0,0,0,1,26
685,50,722,177,0,0,0,1,26
685,55,722,177,0,0,0,1,26
685,60,722,177,0,0,0,1,26
685,65,722,177,0,0,0,1,26
685,70,722,177,0,0,0,1,26
685,75,722,177,0,0,0,1,26
685,80,722,177,0,0,0,1,26
685,85,722,177,0,0,0,1,26
685,90,722,177,0,0,0,1,26
685,95,722,177,0,0,0,1,26
685,100,722,177,0,0,0,1,26
685,105,722,177,0,0,0,1,26
685,110,243,229,0,0,0,1,27
685,115,243,229,0,0,0,1,27
685,120,243,229,0,0,0,1,27
685,125,243,229,0,0,0,1,27
685,130,243,229,0,0,0,1,27
685,135,243,229,0,0,0,1,27
685,140,243,229,0,0,0,1,27
685,145,243,229,0,0,0,1,27
685,150,243,229,0,0,0,1,27
685,155,243,229,0,0,0,1,27
685,160,243,229,0,0,0,1,27
685,165,243,229,0,0,0,1,27
685,170,243,229,0,0,0,1,27
685,175,243,229,0,0,0,1,27
685,180,243,229,0,0,0,1,27
685,185,243,229,0,0,0,1,27
685,190,243,229,0,0,0,1,27
685,195,243,229,0,0,0,1,27
685,195,243,229,0,0,0,0,27
685,195,243,229,0,0,0,0,27
685,195,243,229,0,0,0,0,27
680,195,243,229,1,0,0,0,27
675,195,243,229,1,0,0,0,27
670,195,243,229,1,0,0,0,27
665,195,243,229,1,0,0,0,27
660,195,243,229,1,0,0,0,27
655,195,243,229,1,0,0,0,27
650,195,243,229,1,0,0,0,27
645,195,243,229,1,0,0,0,27
640,195,243,229,1,0,0,0,27
635,195,243,229,1,0,0,0,27
630,195,243,229,1,0,0,0,27
625,195,243,229,1,0,0,0,27
620,195,243,229,1,0,0,0,27
615,190,243,229,1,0,1,0,27
610,185,243,229,1,0,1,0,27
605,180,243,229,1,0,1,0,27
600,180,243,229,1,0,0,0,27
595,180,243,229,1,0,0,0,27
590,180,243,229,1,0,0,0,27
585,180,243,229,1,0,0,0,27
580,180,243,229,1,0,0,0,27
575,180,243,229,1,0,0,0,27
570,180,243,229,1,0,0,0,27
565,180,243,229,1,0,0,0,27
560,180,243,229,1,0,0,0,27
555,180,243,229,1,0,0,0,27
550,180,243,229,1,0,0,0,27
545,180,243,229,1,0,0,0,27
540,180,243,229,1,0,0,0,27
535,180,243,229,1,0,0,0,27
530,180,243,229,1,0,0,0,27
525,180,243,229,1,0,0,0,27
520,180,243,229,1,0,0,0,27
515,180,243,229,1,0,0,0,27
510,180,243,229,1,0,0,0,27
505,180,243,229,1,0,0,0,27
500,180,243,229,1,0,0,0,27
495,180,243,229,1,0,0,0,27
490,180,243,229,1,0,0,0,27
485,180,243,229,1,0,0,0,27
480,180,243,229,1,0,0,0,27
475,180,243,229,1,0,0,0,27
470,180,243,229,1,0,0,0,27
465,180,243,229,1,0,0,0,27
460,180,243,229,1,0,0,0,27
455,180,243,229,1,0,0,0,27
450,180,243,229,1,0,0,0,27
445,180,243,229,1,0,0,0,27
440,180,243,229,1,0,0,0,27
435,180,243,229,1,0,0,0,27
430,180,243,229,1,0,0,0,27
425,180,243,229,1,0,0,0,27
420,180,243,229,1,0,0,0,27
415,180,243,229,1,0,0,0,27
410,180,243,229,1,0,0,0,27
405,180,243,229,1,0,0,0,27
400,180,243,229,1,0,0,0,27
395,180,243,229,1,0,0,0,27
390,180,243,229,1,0,0,0,27
385,180,243,229,1,0,0,0,27
380,180,243,229,1,0,0,0,27
375,180,243,229,1,0,0,0,27
370,180,243,229,1,0,0,0,27
365,180,243,229,1,0,0,0,27
360,180,243,229,1,0,0,0,27
355,180,243,229,1,0,0,0,27
350,180,243,229,1,0,0,0,27
345,180,243,229,1,0,0,0,27
340,180,243,229,1,0,0,0,27
335,180,243,229,1,0,0,0,27
330,180,243,229,1,0,0,0,27
325,180,243,229,1,0,0,0,27
320,180,243,229,1,0,0,0,27
315,180,243,229,1,0,0,0,27
310,180,243,229,1,0,0,0,27
305,180,243,229,1,0,0,0,27
300,180,243,229,1,0,0,0,27
295,180,243,229,1,0,0,0,27
290,180,243,229,1,0,0,0,27
285,180,243,229,1,0,0,0,27
280,180,243,229,1,0,0,0,27
275,180,243,229,1,0,0,0,27
270,180,243,229,1,0,0,0,27
265,180,243,229,1,0,0,0,27
260,180,631,365,1,0,0,0,28
255,180,631,365,1,0,0,0,28
250,180,631,365,1,0,0,0,28
245,180,631,365,1,0,0,0,28
240,180,631,365,1,0,0,0,28
235,180,631,365,1,0,0,0,28
230,180,631,365,1,0,0,0,28
225,180,631,365,1,0,0,0,28
220,180,631,365,1,0,0,0,28
215,185,631,365,1,0,0,1,28
215,190,631,365,0,0,0,1,28
215,195,631,365,0,0,0,1,28
215,200,631,365,0,0,0,1,28
215,205,631,365,0,0,0,1,28
215,210,631,365,0,0,0,1,28
215,215,631,365,0,0,0,1,28
215,220,631,365,0,0,0,1,28
215,225,631,365,0,0,0,1,28
215,230,631,365,0,0,0,1,28
215,235,631,365,0,0,0,1,28
215,240,631,365,0,0,0,1,28
215,245,631,365,0,0,0,1,28
215,250,631,365,0,0,0,1,28
215,255,631,365,0,0,0,1,28
215,260,631,365,0,0,0,1,28
215,265,631,365,0,0,0,1,28
215,270,631,365,0,0,0,1,28
220,275,631,365,0,1,0,1,28
225,275,631,365,0,1,0,0,28
230,275,631,365,0,1,0,0,28
235,275,631,365,0,1,0,0,28
240,275,631,365,0,1,0,0,28
245,275,631,365,0,1,0,0,28
250,275,631,365,0,1,0,0,28
255,275,631,365,0,1,0,0,28
260,275,631,365,0,1,0,0,28
265,275,631,365,0,1,0,0,28
270,275,631,365,0,1,0,0,28
275,275,631,365,0,1,0,0,28
280,275,631,365,0,1,0,0,28
285,275,631,365,0,1,0,0,28
290,275,631,365,0,1,0,0,28
295,275,631,365,0,1,0,0,28
300,275,631,365,0,1,0,0,28
305,275,631,365,0,1,0,0,28
310,275,631,365,0,1,0,0,28
315,275,631,365,0,1,0,0,28
320,275,631,365,0,1,0,0,28
325,275,631,365,0,1,0,0,28
330,275,631,365,0,1,0,0,28
335,275,631,365,0,1,0,0,28
340,275,631,365,0,1,0,0,28
345,275,631,365,0,1,0,0,28
350,275,631,365,0,1,0,0,28
355,275,631,365,0,1,0,0,28
360,275,631,365,0,1,0,0,28
365,275,631,365,0,1,0,0,28
370,275,631,365,0,1,0,0,28
375,275,631,365,0,1,0,0,28
380,275,631,365,0,1,0,0,28
385,275,631,365,0,1,0,0,28
390,280,631,365,0,1,0,1,28
395,285,631,365,0,1,0,1,28
400,290,631,365,0,1,0,1,28
405,295,631,365,0,1,0,1,28
410,300,631,365,0,1,0,1,28
415,305,631,365,0,1,0,1,28
420,310,631,365,0,1,0,1,28
425,315,631,365,0,1,0,1,28
430,320,631,365,0,1,0,1,28
435,325,631,365,0,1,0,1,28
440,330,631,365,0,1,0,1,28
445,335,631,365,0,1,0,1,28
450,335,631,365,0,1,0,0,28
455,335,631,365,0,1,0,0,28
460,335,631,365,0,1,0,0,28
465,335,631,365,0,1,0,0,28
470,335,631,365,0,1,0,0,28
475,335,631,365,0,1,0,0,28
480,335,631,365,0,1,0,0,28
485,335,631,365,0,1,0,0,28
490,335,631,365,0,1,0,0,28
495,335,631,365,0,1,0,0,28
500,335,631,365,0,1,0,0,28
505,335,631,365,0,1,0,0,28
510,335,631,365,0,1,0,0,28
515,335,631,365,0,1,0,0,28
520,335,631,365,0,1,0,0,28
525,335,631,365,0,1,0,0,28
530,335,631,365,0,1,0,0,28
535,335,631,365,0,1,0,0,28
540,335,631,365,0,1,0,0,28
545,335,631,365,0,1,0,0,28
550,335,631,365,0,1,0,0,28
555,335,631,365,0,1,0,0,28
560,335,492,312,0,1,0,0,29
565,335,492,312,0,1,0,0,29
570,335,492,312,0,1,0,0,29
575,335,492,312,0,1,0,0,29
580,335,492,312,0,1,0,0,29
585,335,492,312,0,1,0,0,29
590,335,492,312,0,1,0,0,29
595,335,492,312,0,1,0,0,29
600,335,492,312,0,1,0,0,29
605,335,492,312,0,1,0,0,29
610,335,492,312,0,1,0,0,29
615,335,492,312,0,1,0,0,29
615,335,492,312,0,0,0,0,29
615,335,492,312,0,0,0,0,29
615,335,492,312,0,0,0,0,29
615,335,492,312,0,0,0,0,29
615,335,492,312,0,0,0,0,29
615,335,492,312,0,0,0,0,29
615,335,492,312,0,0,1,1,29
615,335,492,312,0,0,1,1,29
615,335,492,312,0,0,1,1,29
615,335,492,312,0,0,1,1,29
615,335,492,312,0,0,1,1,29
615,335,492,312,0,0,1,1,29
615,335,492,312,0,0,1,1,29
615,335,492,312,0,0,1,1,29
615,335,492,312,0,0,1,1,29
615,335,492,312,0,0,1,1,29
615,335,492,312,0,0,1,1,29
615,335,492,312,0,0,1,1,29
615,335,492,312,0,0,1,1,29
615,335,492,312,0,0,1,1,29
615,335,492,312,0,0,1,1,29
615,335,492,312,0,0,1,1,29
615,335,492,312,0,0,1,1,29
615,335,492,312,0,0,1,1,29
615,335,492,312,0,0,1,1,29
615,335,492,312,0,0,1,1,29
615,335,492,312,0,0,1,1,29
615,335,492,312,0,0,1,1,29
615,335,492,312,0,0,1,1,29
615,330,492,312,0,0,1,0,29
610,325,492,312,1,0,1,0,29
605,320,492,312,1,0,1,0,29
600,320,492,312,1,0,0,0,29
595,315,492,312,1,0,1,0,29
590,310,492,312,1,0,1,0,29
585,310,492,312,1,0,0,0,29
580,310,492,312,1,0,0,0,29
575,305,492,312,1,0,1,0,29
570,300,492,312,1,0,1,0,29
565,295,492,312,1,0,1,0,29
560,290,492,312,1,0,1,0,29
555,285,492,312,1,0,1,0,29
550,280,492,312,1,0,1,0,29
545,275,492,312,1,0,1,0,29
540,270,492,312,1,0,1,0,29
535,265,492,312,1,0,1,0,29
530,265,492,312,1,0,0,0,29
525,265,492,312,1,0,0,0,29
520,265,492,312,1,0,0,0,29
515,265,492,312,1,0,0,0,29
510,265,633,354,1,0,0,0,30
505,265,633,354,1,0,0,0,30
500,265,633,354,1,0,0,0,30
495,265,633,354,1,0,0,0,30
490,265,633,354,1,0,0,0,30
485,265,633,354,1,0,0,0,30
480,265,633,354,1,0,0,0,30
475,265,633,354,1,0,0,0,30
470,265,633,354,1,0,0,0,30
465,265,633,354,1,0,0,0,30
460,265,633,354,1,0,0,0,30
455,265,633,354,1,0,0,0,30
450,270,633,354,1,0,0,1,30
445,275,633,354,1,0,0,1,30
440,280,633,354,1,0,0,1,30
435,285,633,354,1,0,0,1,30
430,285,633,354,1,0,0,0,30
425,285,633,354,1,0,0,0,30
420,285,633,354,1,0,0,0,30
415,285,633,354,1,0,0,0,30
410,285,633,354,1,0,0,0,30
405,290,633,354,1,0,0,1,30
405,295,633,354,0,0,0,1,30
405,300,633,354,0,0,0,1,30
405,305,633,354,0,0,0,1,30
405,310,633,354,0,0,0,1,30
405,315,633,354,0,0,0,1,30
405,320,633,354,0,0,0,1,30
405,325,633,354,0,0,0,1,30
405,330,633,354,0,0,0,1,30
405,335,633,354,0,0,0,1,30
405,340,633,354,0,0,0,1,30
405,345,633,354,0,0,0,1,30
410,350,633,354,0,1,0,1,30
415,350,633,354,0,1,0,0,30
420,350,633,354,0,1,0,0,30
425,350,633,354,0,1,0,0,30
430,350,633,354,0,1,0,0,30
435,350,633,354,0,1,0,0,30
440,350,633,354,0,1,0,0,30
445,350,633,354,0,1,0,0,30
450,350,633,354,0,1,0,0,30
455,350,633,354,0,1,0,0,30
460,350,633,354,0,1,0,0,30
465,350,633,354,0,1,0,0,30
470,350,633,354,0,1,0,0,30
475,350,633,354,0,1,0,0,30
480,350,633,354,0,1,0,0,30
485,350,633,354,0,1,0,0,30
490,350,633,354,0,1,0,0,30
495,350,633,354,0,1,0,0,30
500,350,633,354,0,1,0,0,30
505,350,633,354,0,1,0,0,30
510,350,633,354,0,1,0,0,30
515,350,633,354,0,1,0,0,30
520,350,633,354,0,1,0,0,30
525,350,633,354,0,1,0,0,30
530,350,633,354,0,1,0,0,30
535,350,633,354,0,1,0,0,30
540,350,633,354,0,1,0,0,30
545,350,633,354,0,1,0,0,30
550,350,633,354,0,1,0,0,30
555,350,633,354,0,1,0,0,30
560,350,633,354,0,1,0,0,30
565,350,308,430,0,1,0,0,31
570,350,308,430,0,1,0,0,31
575,350,308,430,0,1,0,0,31
580,350,308,430,0,1,0,0,31
585,350,308,430,0,1,0,0,31
590,350,308,430,0,1,0,0,31
595,350,308,430,0,1,0,0,31
600,350,308,430,0,1,0,0,31
600,350,308,430,0,0,0,0,31
600,350,308,430,0,0,0,0,31
600,350,308,430,0,0,0,0,31
600,350,308,430,0,0,0,0,31
600,350,308,430,0,0,0,0,31
600,350,308,430,0,0,0,0,31
600,350,308,430,0,0,0,0,31
600,350,308,430,0,0,0,0,31
600,345,308,430,0,0,1,0,31
600,340,308,430,0,0,1,0,31
600,335,308,430,0,0,1,0,31
600,330,308,430,0,0,1,0,31
600,325,308,430,0,0,1,0,31
600,320,308,430,0,0,1,0,31
600,315,308,430,0,0,1,0,31
600,310,308,430,0,0,1,0,31
600,305,308,430,0,0,1,0,31
600,300,308,430,0,0,1,0,31
600,295,308,430,0,0,1,0,31
600,290,308,430,0,0,1,0,31
600,285,308,430,0,0,1,0,31
600,280,308,430,0,0,1,0,31
600,275,308,430,0,0,1,0,31
600,270,308,430,0,0,1,0,31
600,265,308,430,0,0,1,0,31
600,260,308,430,0,0,1,0,31
600,255,308,430,0,0,1,0,31
600,255,308,430,0,0,0,0,31
600,255,308,430,0,0,0,0,31
600,255,308,430,0,0,0,0,31
600,255,308,430,0,0,0,0,31
600,260,308,430,0,0,0,1,31
600,265,308,430,0,0,0,1,31
600,270,308,430,0,0,0,1,31
600,275,308,430,0,0,0,1,31
600,280,308,430,0,0,0,1,31
600,285,308,430,0,0,0,1,31
600,290,308,430,0,0,0,1,31
600,295,308,430,0,0,0,1,31
600,300,308,430,0,0,0,1,31
600,305,308,430,0,0,0,1,31
600,310,308,430,0,0,0,1,31
600,315,308,430,0,0,0,1,31
600,320,308,430,0,0,0,1,31
600,325,308,430,0,0,0,1,31
600,330,308,430,0,0,0,1,31
600,335,308,430,0,0,0,1,31
600,340,308,430,0,0,0,1,31
600,345,308,430,0,0,0,1,31
600,350,308,430,0,0,0,1,31
600,355,308,430,0,0,0,1,31
600,360,308,430,0,0,0,1,31
600,365,308,430,0,0,0,1,31
600,370,308,430,0,0,0,1,31
600,375,308,430,0,0,0,1,31
600,380,308,430,0,0,0,1,31
600,385,308,430,0,0,0,1,31
600,385,308,430,0,0,0,0,31
595,385,308,430,1,0,0,0,31
590,385,308,430,1,0,0,0,31
585,385,308,430,1,0,0,0,31
580,385,308,430,1,0,0,0,31
575,385,308,430,1,0,0,0,31
570,385,308,430,1,0,0,0,31
565,385,308,430,1,0,0,0,31
560,385,308,430,1,0,0,0,31
555,385,308,430,1,0,0,0,31
550,385,308,430,1,0,0,0,31
545,385,308,430,1,0,0,0,31
540,385,308,430,1,0,0,0,31
535,385,308,430,1,0,0,0,31
530,385,308,430,1,0,0,0,31
525,385,308,430,1,0,0,0,31
520,385,308,430,1,0,0,0,31
515,385,308,430,1,0,0,0,31
510,385,308,430,1,0,0,0,31
505,385,308,430,1,0,0,0,31
500,385,308,430,1,0,0,0,31
495,385,308,430,1,0,0,0,31
490,385,308,430,1,0,0,0,31
485,385,308,430,1,0,0,0,31
480,385,308,430,1,0,0,0,31
475,385,308,430,1,0,0,0,31
470,385,308,430,1,0,0,0,31
465,385,308,430,1,0,0,0,31
460,385,308,430,1,0,0,0,31
455,385,308,430,1,0,0,0,31
450,385,308,430,1,0,0,0,31
445,385,308,430,1,0,0,0,31
440,385,308,430,1,0,0,0,31
435,385,308,430,1,0,0,0,31
430,385,308,430,1,0,0,0,31
425,385,308,430,1,0,0,0,31
420,385,308,430,1,0,0,0,31
415,385,308,430,1,0,0,0,31
410,385,308,430,1,0,0,0,31
405,385,308,430,1,0,0,0,31
400,385,308,430,1,0,0,0,31
395,385,308,430,1,0,0,0,31
390,385,308,430,1,0,0,0,31
385,385,308,430,1,0,0,0,31
380,385,308,430,1,0,0,0,31
375,385,308,430,1,0,0,0,31
370,385,308,430,1,0,0,0,31
365,385,308,430,1,0,0,0,31
360,385,308,430,1,0,0,0,31
355,385,308,430,1,0,0,0,31
350,385,308,430,1,0,0,0,31
345,385,308,430,1,0,0,0,31
340,385,308,430,1,0,0,0,31
335,385,308,430,1,0,0,0,31
330,385,308,430,1,0,0,0,31
325,385,416,260,1,0,0,0,32
320,385,416,260,1,0,0,0,32
315,385,416,260,1,0,0,0,32
310,385,416,260,1,0,0,0,32
305,385,416,260,1,0,0,0,32
300,385,416,260,1,0,0,0,32
300,385,416,260,0,0,0,0,32
300,385,416,260,0,0,0,0,32
300,385,416,260,0,0,0,0,32
300,385,416,260,0,0,0,0,32
300,385,416,260,0,0,0,0,32
300,385,416,260,0,0,0,0,32
300,385,416,260,0,0,0,0,32
300,385,416,260,0,0,0,0,32
300,385,416,260,0,0,0,0,32
300,385,416,260,0,0,0,0,32
300,385,416,260,0,0,0,0,32
300,385,416,260,0,0,0,0,32
305,385,416,260,0,1,0,0,32
310,385,416,260,0,1,0,0,32
315,385,416,260,0,1,0,0,32
320,385,416,260,0,1,0,0,32
325,385,416,260,0,1,0,0,32
330,385,416,260,0,1,0,0,32
335,385,416,260,0,1,0,0,32
340,385,416,260,0,1,0,0,32
345,385,416,260,0,1,0,0,32
350,385,416,260,0,1,0,0,32
355,380,416,260,0,1,1,0,32
355,375,416,260,0,0,1,0,32
355,370,416,260,0,0,1,0,32
355,365,416,260,0,0,1,0,32
355,360,416,260,0,0,1,0,32
355,355,416,260,0,0,1,0,32
355,350,416,260,0,0,1,0,32
355,345,416,260,0,0,1,0,32
355,340,416,260,0,0,1,0,32
355,335,416,260,0,0,1,0,32
355,330,416,260,0,0,1,0,32
355,325,416,260,0,0,1,0,32
355,320,416,260,0,0,1,0,32
355,315,416,260,0,0,1,0,32
355,310,416,260,0,0,1,0,32
355,305,416,260,0,0,1,0,32
355,300,416,260,0,0,1,0,32
355,295,416,260,0,0,1,0,32
355,290,416,260,0,0,1,0,32
355,285,416,260,0,0,1,0,32
355,280,467,389,0,0,1,0,33
355,275,467,389,0,0,1,0,33
355,270,467,389,0,0,1,0,33
355,265,467,389,0,0,1,0,33
355,260,467,389,0,0,1,0,33
355,255,467,389,0,0,1,0,33
355,250,467,389,0,0,1,0,33
355,245,467,389,0,0,1,0,33
355,245,467,389,0,0,0,0,33
360,245,467,389,0,1,0,0,33
365,245,467,389,0,1,0,0,33
370,245,467,389,0,1,0,0,33
375,245,467,389,0,1,0,0,33
380,245,467,389,0,1,0,0,33
385,245,467,389,0,1,0,0,33
390,245,467,389,0,1,0,0,33
395,245,467,389,0,1,0,0,33
400,245,467,389,0,1,0,0,33
405,245,467,389,0,1,0,0,33
410,245,467,389,0,1,0,0,33
415,245,467,389,0,1,0,0,33
420,245,467,389,0,1,0,0,33
425,245,467,389,0,1,0,0,33
430,245,467,389,0,1,0,0,33
435,250,467,389,0,1,0,1,33
440,255,467,389,0,1,0,1,33
440,260,467,389,0,0,0,1,33
440,265,467,389,0,0,0,1,33
440,270,467,389,0,0,0,1,33
440,275,467,389,0,0,0,1,33
440,280,467,389,0,0,0,1,33
440,285,467,389,0,0,0,1,33
440,290,467,389,0,0,0,1,33
440,295,467,389,0,0,0,1,33
440,300,467,389,0,0,0,1,33
440,305,467,389,0,0,0,1,33
440,310,467,389,0,0,0,1,33
440,315,467,389,0,0,0,1,33
440,320,579,413,0,0,0,1,34
440,325,579,413,0,0,0,1,34
440,330,579,413,0,0,0,1,34
440,335,579,413,0,0,0,1,34
440,340,579,413,0,0,0,1,34
440,345,579,413,0,0,0,1,34
440,350,579,413,0,0,0,1,34
440,355,579,413,0,0,0,1,34
440,360,579,413,0,0,0,1,34
440,365,579,413,0,0,0,1,34
440,370,579,413,0,0,0,1,34
440,375,579,413,0,0,0,1,34
440,375,579,413,0,0,0,0,34
440,375,579,413,0,0,0,0,34
440,375,579,413,0,0,0,0,34
440,375,579,413,0,0,0,0,34
440,375,579,413,0,0,0,0,34
440,375,579,413,0,0,0,0,34
440,375,579,413,0,0,0,0,34
440,375,579,413,0,0,0,0,34
440,375,579,413,0,0,0,0,34
440,375,579,413,0,0,0,0,34
440,375,579,413,0,0,0,0,34
440,375,579,413,0,0,0,0,34
440,375,579,413,0,0,0,0,34
440,375,579,413,0,0,0,0,34
445,375,579,413,0,1,0,0,34
450,375,579,413,0,1,0,0,34
455,375,579,413,0,1,0,0,34
460,375,579,413,0,1,0,0,34
465,375,579,413,0,1,0,0,34
470,375,579,413,0,1,0,0,34
470,375,579,413,0,0,0,0,34
470,375,579,413,0,0,0,0,34
470,370,579,413,0,0,1,0,34
470,370,579,413,0,0,0,0,34
470,370,579,413,0,0,0,0,34
475,370,579,413,0,1,0,0,34
480,370,579,413,0,1,0,0,34
485,370,579,413,0,1,0,0,34
490,370,579,413,0,1,0,0,34
495,370,579,413,0,1,0,0,34
500,370,579,413,0,1,0,0,34
505,370,579,413,0,1,0,0,34
510,370,497,223,0,1,0,0,35
515,370,497,223,0,1,0,0,35
520,370,497,223,0,1,0,0,35
525,370,497,223,0,1,0,0,35
530,370,497,223,0,1,0,0,35
535,370,497,223,0,1,0,0,35
540,370,497,223,0,1,0,0,35
545,370,497,223,0,1,0,0,35
550,370,497,223,0,1,0,0,35
555,370,497,223,0,1,0,0,35
560,370,497,223,0,1,0,0,35
565,370,497,223,0,1,0,0,35
570,370,497,223,0,1,0,0,35
575,370,497,223,0,1,0,0,35
580,370,497,223,0,1,0,0,35
585,370,497,223,0,1,0,0,35
590,370,497,223,0,1,0,0,35
595,370,497,223,0,1,0,0,35
595,370,497,223,0,0,0,0,35
595,370,497,223,0,0,0,0,35
595,370,497,223,0,0,0,0,35
595,365,497,223,0,0,1,0,35
595,360,497,223,0,0,1,0,35
595,355,497,223,0,0,1,0,35
595,350,497,223,0,0,1,0,35
595,345,497,223,0,0,1,0,35
595,340,497,223,0,0,1,0,35
595,335,497,223,0,0,1,0,35
595,330,497,223,0,0,1,0,35
595,325,497,223,0,0,1,0,35
595,320,497,223,0,0,1,0,35
595,315,497,223,0,0,1,0,35
595,310,497,223,0,0,1,0,35
595,305,497,223,0,0,1,0,35
595,300,497,223,0,0,1,0,35
595,295,497,223,0,0,1,0,35
595,290,497,223,0,0,1,0,35
595,285,497,223,0,0,1,0,35
595,280,497,223,0,0,1,0,35
595,275,497,223,0,0,1,0,35
595,270,497,223,0,0,1,0,35
595,265,497,223,0,0,1,0,35
595,260,497,223,0,0,1,0,35
595,255,497,223,0,0,1,0,35
595,250,497,223,0,0,1,0,35
595,245,497,223,0,0,1,0,35
595,240,497,223,0,0,1,0,35
595,235,497,223,0,0,1,0,35
595,230,497,223,0,0,1,0,35
595,225,497,223,0,0,1,0,35
595,220,497,223,0,0,1,0,35
595,215,497,223,0,0,1,0,35
595,210,497,223,0,0,1,0,35
595,205,497,223,0,0,1,0,35
595,200,497,223,0,0,1,0,35
595,195,497,223,0,0,1,0,35
595,190,497,223,0,0,1,0,35
595,185,497,223,0,0,1,0,35
590,180,497,223,1,0,1,0,35
585,180,497,223,1,0,0,0,35
580,180,497,223,1,0,0,0,35
575,180,497,223,1,0,0,0,35
570,180,497,223,1,0,0,0,35
565,180,497,223,1,0,0,0,35
560,180,497,223,1,0,0,0,35
555,180,497,223,1,0,0,0,35
550,180,497,223,1,0,0,0,35
545,180,497,223,1,0,0,0,35
540,180,497,223,1,0,0,0,35
535,180,497,223,1,0,0,0,35
530,180,497,223,1,0,0,0,35
525,180,497,223,1,0,0,0,35
520,180,497,223,1,0,0,0,35
515,180,646,221,1,0,0,0,36
510,180,646,221,1,0,0,0,36
505,180,646,221,1,0,0,0,36
500,180,646,221,1,0,0,0,36
495,180,646,221,1,0,0,0,36
490,180,646,221,1,0,0,0,36
485,180,646,221,1,0,0,0,36
480,180,646,221,1,0,0,0,36
475,180,646,221,1,0,0,0,36
470,180,646,221,1,0,0,0,36
465,180,646,221,1,0,0,0,36
460,180,646,221,1,0,0,0,36
455,180,646,221,1,0,0,0,36
450,180,646,221,1,0,0,0,36
450,180,646,221,0,0,0,0,36
450,180,646,221,0,0,0,0,36
450,180,646,221,0,0,0,0,36
450,185,646,221,0,0,0,1,36
450,190,646,221,0,0,0,1,36
450,195,646,221,0,0,0,1,36
450,200,646,221,0,0,0,1,36
450,205,646,221,0,0,0,1,36
450,210,646,221,0,0,0,1,36
450,215,646,221,0,0,0,1,36
450,220,646,221,0,0,0,1,36
450,225,646,221,0,0,0,1,36
450,230,646,221,0,0,0,1,36
450,230,646,221,0,0,0,0,36
455,230,646,221,0,1,0,0,36
460,230,646,221,0,1,0,0,36
465,230,646,221,0,1,0,0,36
470,230,646,221,0,1,0,0,36
475,230,646,221,0,1,0,0,36
480,230,646,221,0,1,0,0,36
485,230,646,221,0,1,0,0,36
490,230,646,221,0,1,0,0,36
495,230,646,221,0,1,0,0,36
500,230,646,221,0,1,0,0,36
505,230,646,221,0,1,0,0,36
510,230,646,221,0,1,0,0,36
515,230,646,221,0,1,0,0,36
520,230,646,221,0,1,0,0,36
525,225,646,221,0,1,1,0,36
530,220,646,221,0,1,1,0,36
535,215,646,221,0,1,1,0,36
540,210,646,221,0,1,1,0,36
545,205,646,221,0,1,1,0,36
550,200,646,221,0,1,1,0,36
550,195,646,221,0,0,1,0,36
550,190,646,221,0,0,1,0,36
550,185,646,221,0,0,1,0,36
550,180,646,221,0,0,1,0,36
550,175,646,221,0,0,1,0,36
550,170,646,221,0,0,1,0,36
555,165,646,221,0,1,1,0,36
560,160,646,221,0,1,1,0,36
565,160,646,221,0,1,0,0,36
570,160,646,221,0,1,0,0,36
575,160,442,225,0,1,0,0,37
580,160,442,225,0,1,0,0,37
585,160,442,225,0,1,0,0,37
590,160,442,225,0,1,0,0,37
595,160,442,225,0,1,0,0,37
600,160,442,225,0,1,0,0,37
605,160,442,225,0,1,0,0,37
610,160,442,225,0,1,0,0,37
615,160,442,225,0,1,0,0,37
620,160,442,225,0,1,0,0,37
625,160,442,225,0,1,0,0,37
630,160,442,225,0,1,0,0,37
635,160,442,225,0,1,0,0,37
640,160,442,225,0,1,0,0,37
645,160,442,225,0,1,0,0,37
650,160,442,225,0,1,0,0,37
655,160,442,225,0,1,0,0,37
660,160,442,225,0,1,0,0,37
665,160,442,225,0,1,0,0,37
665,160,442,225,0,0,0,0,37
665,160,442,225,0,0,0,0,37
660,160,442,225,1,0,0,0,37
655,160,442,225,1,0,0,0,37
650,160,442,225,1,0,0,0,37
645,160,442,225,1,0,0,0,37
640,160,442,225,1,0,0,0,37
635,160,442,225,1,0,0,0,37
630,160,442,225,1,0,0,0,37
625,160,442,225,1,0,0,0,37
620,160,442,225,1,0,0,0,37
615,160,442,225,1,0,0,0,37
610,160,442,225,1,0,0,0,37
605,160,442,225,1,0,0,0,37
600,160,442,225,1,0,0,0,37
595,160,442,225,1,0,0,0,37
590,160,442,225,1,0,0,0,37
585,160,442,225,1,0,0,0,37
580,160,442,225,1,0,0,0,37
575,160,442,225,1,0,0,0,37
570,160,442,225,1,0,0,0,37
565,160,442,225,1,0,0,0,37
560,160,442,225,1,0,0,0,37
555,160,442,225,1,0,0,0,37
550,160,442,225,1,0,0,0,37
545,160,442,225,1,0,0,0,37
540,160,442,225,1,0,0,0,37
535,160,442,225,1,0,0,0,37
530,160,442,225,1,0,0,0,37
525,160,442,225,1,0,0,0,37
520,160,442,225,1,0,0,0,37
515,160,442,225,1,0,0,0,37
510,160,442,225,1,0,0,0,37
505,160,442,225,1,0,0,0,37
500,160,442,225,1,0,0,0,37
495,160,442,225,1,0,0,0,37
490,160,442,225,1,0,0,0,37
485,160,442,225,1,0,0,0,37
480,160,442,225,1,0,0,0,37
475,160,442,225,1,0,0,0,37
470,160,442,225,1,0,0,0,37
465,160,442,225,1,0,0,0,37
460,160,71,382,1,0,0,0,38
455,160,71,382,1,0,0,0,38
450,160,71,382,1,0,0,0,38
445,160,71,382,1,0,0,0,38
440,160,71,382,1,0,0,0,38
435,160,71,382,1,0,0,0,38
435,160,71,382,0,0,0,0,38
435,160,71,382,0,0,0,0,38
435,160,71,382,0,0,0,0,38
435,160,71,382,0,0,0,0,38
435,165,71,382,0,0,0,1,38
435,170,71,382,0,0,0,1,38
435,175,71,382,0,0,0,1,38
435,180,71,382,0,0,0,1,38
435,185,71,382,0,0,0,1,38
435,190,71,382,0,0,0,1,38
435,195,71,382,0,0,0,1,38
435,200,71,382,0,0,0,1,38
435,205,71,382,0,0,0,1,38
435,210,71,382,0,0,0,1,38
435,215,71,382,0,0,0,1,38
435,220,71,382,0,0,0,1,38
435,225,71,382,0,0,0,1,38
435,230,71,382,0,0,0,1,38
435,235,71,382,0,0,0,1,38
435,240,71,382,0,0,0,1,38
435,240,71,382,0,0,0,0,38
430,240,71,382,1,0,0,0,38
425,240,71,382,1,0,0,0,38
420,240,71,382,1,0,0,0,38
415,240,71,382,1,0,0,0,38
410,240,71,382,1,0,0,0,38
405,240,71,382,1,0,0,0,38
400,240,71,382,1,0,0,0,38
395,240,71,382,1,0,0,0,38
390,240,71,382,1,0,0,0,38
385,240,71,382,1,0,0,0,38
380,240,71,382,1,0,0,0,38
375,240,71,382,1,0,0,0,38
370,240,71,382,1,0,0,0,38
365,240,71,382,1,0,0,0,38
360,240,71,382,1,0,0,0,38
355,240,71,382,1,0,0,0,38
350,240,71,382,1,0,0,0,38
345,240,71,382,1,0,0,0,38
340,240,71,382,1,0,0,0,38
335,240,71,382,1,0,0,0,38
330,240,71,382,1,0,0,0,38
325,235,71,382,1,0,1,0,38
320,230,71,382,1,0,1,0,38
315,225,71,382,1,0,1,0,38
310,225,71,382,1,0,0,0,38
305,225,71,382,1,0,0,0,38
300,225,71,382,1,0,0,0,38
295,225,71,382,1,0,0,0,38
290,225,71,382,1,0,0,0,38
285,225,71,382,1,0,0,0,38
280,220,71,382,1,0,1,0,38
275,215,71,382,1,0,1,0,38
270,215,71,382,1,0,0,0,38
265,215,71,382,1,0,0,0,38
260,215,71,382,1,0,0,0,38
255,215,71,382,1,0,0,0,38
250,215,71,382,1,0,0,0,38
245,215,71,382,1,0,0,0,38
240,215,71,382,1,0,0,0,38
235,215,71,382,1,0,0,0,38
230,215,71,382,1,0,0,0,38
225,215,71,382,1,0,0,0,38
220,215,71,382,1,0,0,0,38
215,215,71,382,1,0,0,0,38
210,215,71,382,1,0,0,0,38
205,215,71,382,1,0,0,0,38
200,220,71,382,1,0,0,1,38
195,225,71,382,1,0,0,1,38
190,230,71,382,1,0,0,1,38
185,235,71,382,1,0,0,1,38
180,240,71,382,1,0,0,1,38
175,245,71,382,1,0,0,1,38
170,250,71,382,1,0,0,1,38
165,255,71,382,1,0,0,1,38
160,260,71,382,1,0,0,1,38
155,265,71,382,1,0,0,1,38
150,270,71,382,1,0,0,1,38
145,275,71,382,1,0,0,1,38
140,280,71,382,1,0,0,1,38
135,285,71,382,1,0,0,1,38
130,290,71,382,1,0,0,1,38
125,295,71,382,1,0,0,1,38
120,300,71,382,1,0,0,1,38
115,300,71,382,1,0,0,0,38
110,300,71,382,1,0,0,0,38
105,300,71,382,1,0,0,0,38
100,300,71,382,1,0,0,0,38
95,300,71,382,1,0,0,0,38
90,300,71,382,1,0,0,0,38
85,300,71,382,1,0,0,0,38
80,305,71,382,1,0,0,1,38
75,310,71,382,1,0,0,1,38
70,315,277,173,1,0,0,1,39
65,320,277,173,1,0,0,1,39
60,325,277,173,1,0,0,1,39
55,330,277,173,1,0,0,1,39
50,335,277,173,1,0,0,1,39
45,340,277,173,1,0,0,1,39
40,340,277,173,1,0,0,0,39
35,340,277,173,1,0,0,0,39
30,340,277,173,1,0,0,0,39
25,340,277,173,1,0,0,0,39
25,340,277,173,0,0,0,0,39
25,340,277,173,0,0,0,0,39
25,340,277,173,0,0,0,0,39
25,340,277,173,0,0,0,0,39
25,340,277,173,0,0,0,0,39
25,340,277,173,0,0,0,0,39
25,340,277,173,0,0,0,0,39
25,340,277,173,0,0,0,0,39
30,340,277,173,0,1,0,0,39
35,340,277,173,0,1,0,0,39
40,340,277,173,0,1,0,0,39
45,340,277,173,0,1,0,0,39
50,340,277,173,0,1,0,0,39
55,340,277,173,0,1,0,0,39
60,340,277,173,0,1,0,0,39
65,340,277,173,0,1,0,0,39
70,340,277,173,0,1,0,0,39
75,340,277,173,0,1,0,0,39
80,340,277,173,0,1,0,0,39
85,340,277,173,0,1,0,0,39
90,340,277,173,0,1,0,0,39
95,340,277,173,0,1,0,0,39
100,340,277,173,0,1,0,0,39
105,340,277,173,0,1,0,0,39
110,335,277,173,0,1,1,0,39
115,330,277,173,0,1,1,0,39
120,325,277,173,0,1,1,0,39
125,320,277,173,0,1,1,0,39
130,315,277,173,0,1,1,0,39
135,310,277,173,0,1,1,0,39
140,305,277,173,0,1,1,0,39
145,300,277,173,0,1,1,0,39
150,295,277,173,0,1,1,0,39
155,290,277,173,0,1,1,0,39
160,285,277,173,0,1,1,0,39
165,285,277,173,0,1,0,0,39
170,285,277,173,0,1,0,0,39
175,285,277,173,0,1,0,0,39
180,285,277,173,0,1,0,0,39
185,285,277,173,0,1,0,0,39
190,285,277,173,0,1,0,0,39
195,285,277,173,0,1,0,0,39
200,285,277,173,0,1,0,0,39
205,285,277,173,0,1,0,0,39
210,285,277,173,0,1,0,0,39
215,285,277,173,0,1,0,0,39
220,285,277,173,0,1,0,0,39
225,280,277,173,0,1,1,0,39
230,275,277,173,0,1,1,0,39
235,270,277,173,0,1,1,0,39
240,265,277,173,0,1,1,0,39
245,260,277,173,0,1,1,0,39
250,255,277,173,0,1,1,0,39
255,250,277,173,0,1,1,0,39
260,245,277,173,0,1,1,0,39
265,240,277,173,0,1,1,0,39
270,235,277,173,0,1,1,0,39
275,230,277,173,0,1,1,0,39
275,225,277,173,0,0,1,0,39
275,220,277,173,0,0,1,0,39
275,215,277,173,0,0,1,0,39
275,210,277,173,0,0,1,0,39
275,205,277,173,0,0,1,0,39
270,200,277,173,1,0,1,0,39
270,195,277,173,0,0,1,0,39
270,190,491,222,0,0,1,0,40
270,185,491,222,0,0,1,0,40
270,180,491,222,0,0,1,0,40
265,175,491,222,1,0,1,0,40
260,170,491,222,1,0,1,0,40
255,165,491,222,1,0,1,0,40
250,160,491,222,1,0,1,0,40
245,155,491,222,1,0,1,0,40
240,150,491,222,1,0,1,0,40
235,145,491,222,1,0,1,0,40
230,140,491,222,1,0,1,0,40
225,135,491,222,1,0,1,0,40
220,130,491,222,1,0,1,0,40
215,125,491,222,1,0,1,0,40
215,120,491,222,0,0,1,0,40
215,115,491,222,0,0,1,0,40
215,110,491,222,0,0,1,0,40
215,105,491,222,0,0,1,0,40
215,100,491,222,0,0,1,0,40
215,95,491,222,0,0,1,0,40
220,90,491,222,0,1,1,0,40
225,85,491,222,0,1,1,0,40
230,80,491,222,0,1,1,0,40
235,80,491,222,0,1,0,0,40
240,80,491,222,0,1,0,0,40
245,80,491,222,0,1,0,0,40
250,80,491,222,0,1,0,0,40
255,80,491,222,0,1,0,0,40
260,80,491,222,0,1,0,0,40
265,80,491,222,0,1,0,0,40
270,75,491,222,0,1,1,0,40
275,70,491,222,0,1,1,0,40
280,70,491,222,0,1,0,0,40
285,70,491,222,0,1,0,0,40
290,70,491,222,0,1,0,0,40
295,70,491,222,0,1,0,0,40
300,70,491,222,0,1,0,0,40
305,70,491,222,0,1,0,0,40
310,70,491,222,0,1,0,0,40
315,70,491,222,0,1,0,0,40
320,70,491,222,0,1,0,0,40
325,70,491,222,0,1,0,0,40
330,70,491,222,0,1,0,0,40
335,70,491,222,0,1,0,0,40
340,70,491,222,0,1,0,0,40
345,70,491,222,0,1,0,0,40
350,75,491,222,0,1,0,1,40
355,80,491,222,0,1,0,1,40
360,85,491,222,0,1,0,1,40
365,90,491,222,0,1,0,1,40
370,95,491,222,0,1,0,1,40
375,100,491,222,0,1,0,1,40
380,105,491,222,0,1,0,1,40
385,110,491,222,0,1,0,1,40
390,115,491,222,0,1,0,1,40
395,120,491,222,0,1,0,1,40
400,125,491,222,0,1,0,1,40
405,130,491,222,0,1,0,1,40
405,135,491,222,0,0,0,1,40
405,140,491,222,0,0,0,1,40
405,145,491,222,0,0,0,1,40
405,150,491,222,0,0,0,1,40
405,155,491,222,0,0,0,1,40
405,160,491,222,0,0,0,1,40
405,165,491,222,0,0,0,1,40
405,170,491,222,0,0,0,1,40
405,175,491,222,0,0,0,1,40
405,180,491,222,0,0,0,1,40
405,185,491,222,0,0,0,1,40
405,190,491,222,0,0,0,1,40
405,195,491,222,0,0,0,1,40
405,200,491,222,0,0,0,1,40
405,205,491,222,0,0,0,1,40
405,210,491,222,0,0,0,1,40
405,215,491,222,0,0,0,1,40
405,220,491,222,0,0,0,1,40
405,225,491,222,0,0,0,1,40
405,230,491,222,0,0,0,1,40
405,235,491,222,0,0,0,1,40
405,240,491,222,0,0,0,1,40
405,245,491,222,0,0,0,1,40
405,250,491,222,0,0,0,1,40
405,255,491,222,0,0,0,1,40
405,260,491,222,0,0,0,1,40
405,265,491,222,0,0,0,1,40
405,270,491,222,0,0,0,1,40
405,275,491,222,0,0,0,1,40
405,275,491,222,0,0,0,0,40
410,275,491,222,0,1,0,0,40
415,275,491,222,0,1,0,0,40
420,275,491,222,0,1,0,0,40
425,275,491,222,0,1,0,0,40
430,275,491,222,0,1,0,0,40
435,275,491,222,0,1,0,0,40
440,275,491,222,0,1,0,0,40
445,275,491,222,0,1,0,0,40
450,275,491,222,0,1,0,0,40
455,270,491,222,0,1,1,0,40
460,265,491,222,0,1,1,0,40
465,260,491,222,0,1,1,0,40
470,255,491,222,0,1,1,0,40
475,250,491,222,0,1,1,0,40
480,245,491,222,0,1,1,0,40
480,240,629,251,0,0,1,0,41
480,235,629,251,0,0,1,0,41
480,230,629,251,0,0,1,0,41
480,225,629,251,0,0,1,0,41
480,220,629,251,0,0,1,0,41
480,215,629,251,0,0,1,0,41
480,210,629,251,0,0,1,0,41
480,205,629,251,0,0,1,0,41
480,200,629,251,0,0,1,0,41
480,195,629,251,0,0,1,0,41
480,190,629,251,0,0,1,0,41
480,185,629,251,0,0,1,0,41
480,180,629,251,0,0,1,0,41
480,175,629,251,0,0,1,0,41
480,175,629,251,0,0,0,0,41
480,175,629,251,0,0,0,0,41
480,175,629,251,0,0,0,0,41
480,175,629,251,0,0,0,0,41
480,175,629,251,0,0,0,0,41
480,175,629,251,0,0,0,0,41
480,175,629,251,0,0,0,0,41
480,175,629,251,0,0,0,0,41
480,175,629,251,0,0,0,0,41
480,175,629,251,0,0,0,0,41
480,175,629,251,0,0,0,0,41
485,175,629,251,0,1,0,0,41
490,175,629,251,0,1,0,0,41
495,175,629,251,0,1,0,0,41
500,175,629,251,0,1,0,0,41
505,175,629,251,0,1,0,0,41
510,175,629,251,0,1,0,0,41
515,175,629,251,0,1,0,0,41
520,175,629,251,0,1,0,0,41
525,175,629,251,0,1,0,0,41
530,175,629,251,0,1,0,0,41
535,175,629,251,0,1,0,0,41
540,175,629,251,0,1,0,0,41
545,175,629,251,0,1,0,0,41
550,175,629,251,0,1,0,0,41
555,175,629,251,0,1,0,0,41
560,175,629,251,0,1,0,0,41
565,175,629,251,0,1,0,0,41
570,175,629,251,0,1,0,0,41
575,175,629,251,0,1,0,0,41
580,175,629,251,0,1,0,0,41
585,175,629,251,0,1,0,0,41
590,175,629,251,0,1,0,0,41
595,175,629,251,0,1,0,0,41
600,180,566,357,0,1,0,1,42
605,185,566,357,0,1,0,1,42
605,190,566,357,0,0,0,1,42
605,195,566,357,0,0,0,1,42
605,200,566,357,0,0,0,1,42
605,205,566,357,0,0,0,1,42
605,210,566,357,0,0,0,1,42
605,215,566,357,0,0,0,1,42
605,220,566,357,0,0,0,1,42
605,225,566,357,0,0,0,1,42
605,230,566,357,0,0,0,1,42
605,235,566,357,0,0,0,1,42
605,240,566,357,0,0,0,1,42
605,245,566,357,0,0,0,1,42
605,250,566,357,0,0,0,1,42
605,255,566,357,0,0,0,1,42
605,260,566,357,0,0,0,1,42
605,265,566,357,0,0,0,1,42
605,270,566,357,0,0,0,1,42
605,275,566,357,0,0,0,1,42
605,280,566,357,0,0,0,1,42
605,285,566,357,0,0,0,1,42
605,290,566,357,0,0,0,1,42
605,295,566,357,0,0,0,1,42
605,300,566,357,0,0,0,1,42
605,305,566,357,0,0,0,1,42
605,310,566,357,0,0,0,1,42
605,315,566,357,0,0,0,1,42
605,320,566,357,0,0,0,1,42
605,325,566,357,0,0,0,1,42
605,330,566,357,0,0,0,1,42
605,335,566,357,0,0,0,1,42
600,335,566,357,1,0,0,0,42
595,335,566,357,1,0,0,0,42
590,335,566,357,1,0,0,0,42
585,335,95,466,1,0,0,0,43
580,335,95,466,1,0,0,0,43
575,335,95,466,1,0,0,0,43
570,335,95,466,1,0,0,0,43
565,335,95,466,1,0,0,0,43
560,335,95,466,1,0,0,0,43
555,335,95,466,1,0,0,0,43
550,335,95,466,1,0,0,0,43
545,335,95,466,1,0,0,0,43
540,335,95,466,1,0,0,0,43
535,335,95,466,1,0,0,0,43
530,335,95,466,1,0,0,0,43
525,335,95,466,1,0,0,0,43
520,335,95,466,1,0,0,0,43
515,335,95,466,1,0,0,0,43
510,335,95,466,1,0,0,0,43
505,335,95,466,1,0,0,0,43
500,335,95,466,1,0,0,0,43
495,335,95,466,1,0,0,0,43
490,335,95,466,1,0,0,0,43
485,335,95,466,1,0,0,0,43
480,335,95,466,1,0,0,0,43
475,335,95,466,1,0,0,0,43
470,335,95,466,1,0,0,0,43
465,335,95,466,1,0,0,0,43
460,335,95,466,1,0,0,0,43
455,335,95,466,1,0,0,0,43
450,335,95,466,1,0,0,0,43
445,335,95,466,1,0,0,0,43
440,335,95,466,1,0,0,0,43
435,335,95,466,1,0,0,0,43
430,335,95,466,1,0,0,0,43
425,335,95,466,1,0,0,0,43
420,335,95,466,1,0,0,0,43
415,335,95,466,1,0,0,0,43
410,335,95,466,1,0,0,0,43
405,335,95,466,1,0,0,0,43
400,335,95,466,1,0,0,0,43
395,335,95,466,1,0,0,0,43
390,335,95,466,1,0,0,0,43
385,335,95,466,1,0,0,0,43
380,335,95,466,1,0,0,0,43
375,335,95,466,1,0,0,0,43
370,335,95,466,1,0,0,0,43
365,335,95,466,1,0,0,0,43
360,340,95,466,1,0,0,1,43
355,345,95,466,1,0,0,1,43
350,350,95,466,1,0,0,1,43
345,355,95,466,1,0,0,1,43
340,360,95,466,1,0,0,1,43
335,365,95,466,1,0,0,1,43
330,370,95,466,1,0,0,1,43
325,375,95,466,1,0,0,1,43
320,380,95,466,1,0,0,1,43
315,385,95,466,1,0,0,1,43
310,390,95,466,1,0,0,1,43
305,395,95,466,1,0,0,1,43
300,395,95,466,1,0,0,0,43
295,395,95,466,1,0,0,0,43
290,395,95,466,1,0,0,0,43
285,395,95,466,1,0,0,0,43
280,395,95,466,1,0,0,0,43
275,395,95,466,1,0,0,0,43
270,395,95,466,1,0,0,0,43
265,395,95,466,1,0,0,0,43
260,395,95,466,1,0,0,0,43
255,395,95,466,1,0,0,0,43
250,395,95,466,1,0,0,0,43
245,395,95,466,1,0,0,0,43
240,395,95,466,1,0,0,0,43
235,400,95,466,1,0,0,1,43
230,405,95,466,1,0,0,1,43
225,405,95,466,1,0,0,0,43
220,405,95,466,1,0,0,0,43
215,405,95,466,1,0,0,0,43
210,405,95,466,1,0,0,0,43
205,405,95,466,1,0,0,0,43
200,405,95,466,1,0,0,0,43
195,405,95,466,1,0,0,0,43
190,405,95,466,1,0,0,0,43
185,405,95,466,1,0,0,0,43
180,405,95,466,1,0,0,0,43
175,405,95,466,1,0,0,0,43
170,405,95,466,1,0,0,0,43
165,405,95,466,1,0,0,0,43
160,405,95,466,1,0,0,0,43
155,405,95,466,1,0,0,0,43
150,405,95,466,1,0,0,0,43
145,405,95,466,1,0,0,0,43
140,405,95,466,1,0,0,0,43
135,405,95,466,1,0,0,0,43
130,410,95,466,1,0,0,1,43
125,415,95,466,1,0,0,1,43
120,420,95,466,1,0,0,1,43
115,420,531,270,1,0,0,0,44
110,420,531,270,1,0,0,0,44
105,420,531,270,1,0,0,0,44
100,420,531,270,1,0,0,0,44
95,420,531,270,1,0,0,0,44
90,420,531,270,1,0,0,0,44
85,420,531,270,1,0,0,0,44
80,420,531,270,1,0,0,0,44
75,420,531,270,1,0,0,0,44
70,420,531,270,1,0,0,0,44
65,420,531,270,1,0,0,0,44
60,420,531,270,1,0,0,0,44
60,420,531,270,0,0,0,0,44
60,420,531,270,0,0,0,0,44
65,420,531,270,0,1,0,0,44
70,420,531,270,0,1,0,0,44
75,420,531,270,0,1,0,0,44
80,420,531,270,0,1,0,0,44
85,420,531,270,0,1,0,0,44
90,420,531,270,0,1,0,0,44
95,420,531,270,0,1,0,0,44
100,420,531,270,0,1,0,0,44
105,420,531,270,0,1,0,0,44
110,420,531,270,0,1,0,0,44
115,420,531,270,0,1,0,0,44
120,420,531,270,0,1,0,0,44
125,420,531,270,0,1,0,0,44
130,420,531,270,0,1,0,0,44
135,420,531,270,0,1,0,0,44
140,420,531,270,0,1,0,0,44
145,420,531,270,0,1,0,0,44
150,420,531,270,0,1,0,0,44
155,415,531,270,0,1,1,0,44
160,410,531,270,0,1,1,0,44
165,405,531,270,0,1,1,0,44
170,400,531,270,0,1,1,0,44
175,395,531,270,0,1,1,0,44
180,390,531,270,0,1,1,0,44
185,385,531,270,0,1,1,0,44
190,380,531,270,0,1,1,0,44
195,375,531,270,0,1,1,0,44
200,370,531,270,0,1,1,0,44
205,365,531,270,0,1,1,0,44
210,360,531,270,0,1,1,0,44
215,355,531,270,0,1,1,0,44
220,350,531,270,0,1,1,0,44
225,350,531,270,0,1,0,0,44
230,350,531,270,0,1,0,0,44
235,350,531,270,0,1,0,0,44
240,350,531,270,0,1,0,0,44
245,350,531,270,0,1,0,0,44
250,350,531,270,0,1,0,0,44
255,350,531,270,0,1,0,0,44
260,350,531,270,0,1,0,0,44
265,350,531,270,0,1,0,0,44
270,350,531,270,0,1,0,0,44
275,350,531,270,0,1,0,0,44
280,350,531,270,0,1,0,0,44
285,350,531,270,0,1,0,0,44
290,350,531,270,0,1,0,0,44
295,350,531,270,0,1,0,0,44
300,350,531,270,0,1,0,0,44
305,345,531,270,0,1,1,0,44
310,340,531,270,0,1,1,0,44
315,335,531,270,0,1,1,0,44
320,330,531,270,0,1,1,0,44
325,325,531,270,0,1,1,0,44
330,320,531,270,0,1,1,0,44
335,315,531,270,0,1,1,0,44
340,310,531,270,0,1,1,0,44
345,305,531,270,0,1,1,0,44
350,300,531,270,0,1,1,0,44
355,295,531,270,0,1,1,0,44
360,290,531,270,0,1,1,0,44
365,285,531,270,0,1,1,0,44
370,280,531,270,0,1,1,0,44
375,275,531,270,0,1,1,0,44
380,270,531,270,0,1,1,0,44
385,265,531,270,0,1,1,0,44
390,260,531,270,0,1,1,0,44
395,260,531,270,0,1,0,0,44
400,260,531,270,0,1,0,0,44
405,260,531,270,0,1,0,0,44
410,260,531,270,0,1,0,0,44
415,260,531,270,0,1,0,0,44
420,260,531,270,0,1,0,0,44
425,260,531,270,0,1,0,0,44
430,260,531,270,0,1,0,0,44
435,260,531,270,0,1,0,0,44
440,260,531,270,0,1,0,0,44
445,260,531,270,0,1,0,0,44
450,260,531,270,0,1,0,0,44
455,260,531,270,0,1,0,0,44
460,260,577,244,0,1,0,0,45
465,260,577,244,0,1,0,0,45
470,260,577,244,0,1,0,0,45
475,260,577,244,0,1,0,0,45
480,260,577,244,0,1,0,0,45
485,260,577,244,0,1,0,0,45
490,260,577,244,0,1,0,0,45
495,260,577,244,0,1,0,0,45
500,260,577,244,0,1,0,0,45
505,260,577,244,0,1,0,0,45
510,260,558,179,0,1,0,0,46
515,260,558,179,0,1,0,0,46
520,260,558,179,0,1,0,0,46
525,260,558,179,0,1,0,0,46
530,260,558,179,0,1,0,0,46
530,260,558,179,0,0,0,0,46
530,260,558,179,0,0,0,0,46
530,260,558,179,0,0,0,0,46
530,260,558,179,0,0,0,0,46
530,260,558,179,0,0,0,0,46
530,260,558,179,0,0,0,0,46
530,260,558,179,0,0,0,0,46
530,260,558,179,0,0,0,0,46
530,260,558,179,0,0,0,0,46
530,260,558,179,0,0,0,0,46
530,265,558,179,0,0,0,1,46
530,270,558,179,0,0,0,1,46
530,275,558,179,0,0,0,1,46
530,280,558,179,0,0,0,1,46
530,285,558,179,0,0,0,1,46
530,290,558,179,0,0,0,1,46
530,295,558,179,0,0,0,1,46
530,295,558,179,0,0,0,0,46
530,295,558,179,0,0,0,0,46
530,295,558,179,0,0,0,0,46
530,295,558,179,0,0,0,0,46
530,295,558,179,0,0,0,0,46
530,295,558,179,0,0,0,0,46
530,295,558,179,0,0,0,0,46
530,295,558,179,0,0,0,0,46
530,295,558,179,0,0,0,0,46
530,295,558,179,0,0,0,0,46
530,295,558,179,0,0,0,0,46
530,295,558,179,0,0,0,0,46
530,295,558,179,0,0,0,0,46
530,295,558,179,0,0,0,0,46
530,295,558,179,0,0,0,0,46
530,295,558,179,0,0,0,0,46
530,290,558,179,0,0,1,0,46
530,285,558,179,0,0,1,0,46
530,280,558,179,0,0,1,0,46
530,275,558,179,0,0,1,0,46
530,270,558,179,0,0,1,0,46
530,265,558,179,0,0,1,0,46
530,260,558,179,0,0,1,0,46
530,255,558,179,0,0,1,0,46
530,250,558,179,0,0,1,0,46
530,245,558,179,0,0,1,0,46
530,240,558,179,0,0,1,0,46
530,235,558,179,0,0,1,0,46
530,230,558,179,0,0,1,0,46
530,225,558,179,0,0,1,0,46
530,220,558,179,0,0,1,0,46
530,215,558,179,0,0,1,0,46
530,210,558,179,0,0,1,0,46
530,205,558,179,0,0,1,0,46
530,200,776,362,0,0,1,0,47
530,195,776,362,0,0,1,0,47
530,190,776,362,0,0,1,0,47
530,185,776,362,0,0,1,0,47
530,180,776,362,0,0,1,0,47
530,180,776,362,0,0,0,0,47
530,180,776,362,0,0,0,0,47
530,180,776,362,0,0,0,0,47
530,180,776,362,0,0,0,0,47
530,180,776,362,0,0,0,0,47
530,180,776,362,0,0,0,0,47
530,180,776,362,0,0,0,0,47
530,180,776,362,0,0,0,0,47
530,180,776,362,0,0,0,0,47
530,180,776,362,0,0,0,0,47
530,180,776,362,0,0,0,0,47
530,180,776,362,0,0,0,0,47
530,180,776,362,0,0,0,0,47
530,180,776,362,0,0,0,0,47
530,180,776,362,0,0,0,0,47
530,180,776,362,0,0,0,0,47
530,180,776,362,0,0,0,0,47
530,180,776,362,0,0,0,0,47
530,180,776,362,0,0,0,0,47
530,180,776,362,0,0,0,0,47
530,180,776,362,0,0,0,0,47
530,180,776,362,0,0,0,0,47
530,180,776,362,0,0,0,0,47
530,180,776,362,0,0,0,0,47
530,180,776,362,0,0,0,0,47
530,180,776,362,0,0,0,0,47
530,180,776,362,0,0,0,0,47
530,180,776,362,0,0,0,0,47
530,180,776,362,0,0,0,0,47
530,180,776,362,0,0,0,0,47
530,180,776,362,0,0,0,0,47
530,180,776,362,0,0,0,0,47
530,180,776,362,0,0,0,0,47
530,180,776,362,0,0,0,0,47
530,180,776,362,0,0,0,0,47
530,180,776,362,0,0,0,0,47
530,180,776,362,0,0,0,0,47
530,180,776,362,0,0,0,0,47
530,180,776,362,0,0,0,0,47
530,180,776,362,0,0,0,0,47
530,180,776,362,0,0,0,0,47
530,180,776,362,0,0,0,0,47
530,180,776,362,0,0,0,0,47
530,180,776,362,0,0,0,0,47
530,180,776,362,0,0,0,0,47
530,180,776,362,0,0,0,0,47
530,180,776,362,0,0,0,0,47
530,180,776,362,0,0,0,0,47
530,180,776,362,0,0,0,0,47
530,180,776,362,0,0,0,0,47
530,180,776,362,0,0,0,0,47
530,180,776,362,0,0,0,0,47
530,180,776,362,0,0,0,0,47
530,180,776,362,0,0,0,0,47
530,180,776,362,0,0,0,0,47
530,180,776,362,0,0,0,0,47
530,180,776,362,0,0,0,0,47
530,180,776,362,0,0,0,0,47
530,180,776,362,0,0,0,0,47
