player_x,player_y,target_x,target_y,left,right,up,down,score
450,530,547,198,0,0,0,0,0
450,530,547,198,0,0,0,0,0
450,530,547,198,0,0,0,0,0
450,530,547,198,0,0,0,0,0
450,530,547,198,0,0,0,0,0
450,530,547,198,0,0,0,0,0
450,530,547,198,0,0,0,0,0
450,530,547,198,0,0,0,0,0
450,530,547,198,0,0,0,0,0
450,530,547,198,0,0,0,0,0
450,530,547,198,0,0,0,0,0
450,530,547,198,0,0,0,0,0
450,530,547,198,0,0,0,0,0
450,530,547,198,0,0,0,0,0
450,530,547,198,0,0,0,0,0
450,530,547,198,0,0,0,0,0
450,530,547,198,0,0,0,0,0
450,530,547,198,0,0,0,0,0
450,530,547,198,0,0,0,0,0
450,530,547,198,0,0,0,0,0
450,530,547,198,0,0,0,0,0
450,530,547,198,0,0,0,0,0
450,530,547,198,0,0,0,0,0
450,530,547,198,0,0,0,0,0
450,530,547,198,0,0,0,0,0
450,530,547,198,0,0,0,0,0
450,530,547,198,0,0,0,0,0
450,530,547,198,0,0,0,0,0
450,530,547,198,0,0,0,0,0
450,530,547,198,0,0,0,0,0
450,530,547,198,0,0,0,0,0
450,530,547,198,0,0,0,0,0
450,530,547,198,0,0,0,0,0
450,530,547,198,0,0,0,0,0
450,530,547,198,0,0,0,0,0
450,530,547,198,0,0,0,0,0
450,530,547,198,0,0,0,0,0
450,530,547,198,0,0,0,0,0
450,530,547,198,0,0,0,0,0
450,530,547,198,0,0,0,0,0
450,530,547,198,0,0,0,0,0
450,530,547,198,0,0,0,0,0
450,530,547,198,0,0,0,0,0
450,530,547,198,0,0,0,0,0
450,530,547,198,0,0,0,0,0
450,530,547,198,0,0,0,0,0
450,530,547,198,0,0,0,0,0
450,530,547,198,0,0,0,0,0
450,530,547,198,0,0,0,0,0
450,530,547,198,0,0,0,0,0
450,530,547,198,0,0,0,0,0
450,530,547,198,0,0,0,0,0
450,530,547,198,0,0,0,0,0
450,530,547,198,0,0,0,0,0
450,530,547,198,0,0,0,0,0
450,530,547,198,0,0,0,0,0
450,530,547,198,0,0,0,0,0
450,530,547,198,0,0,0,0,0
450,530,547,198,0,0,0,0,0
450,530,547,198,0,0,0,0,0
450,530,547,198,0,0,0,0,0
450,530,547,198,0,0,0,0,0
450,530,547,198,0,0,0,0,0
450,530,547,198,0,0,0,0,0
450,530,547,198,0,0,0,0,0
450,530,547,198,0,0,0,0,0
450,530,547,198,0,0,0,0,0
450,530,547,198,0,0,0,0,0
450,525,547,198,0,0,1,0,0
450,520,547,198,0,0,1,0,0
450,515,547,198,0,0,1,0,0
450,510,547,198,0,0,1,0,0
450,505,547,198,0,0,1,0,0
450,500,547,198,0,0,1,0,0
450,495,547,198,0,0,1,0,0
450,490,547,198,0,0,1,0,0
450,485,547,198,0,0,1,0,0
450,480,547,198,0,0,1,0,0
450,475,547,198,0,0,1,0,0
450,470,547,198,0,0,1,0,0
450,465,547,198,0,0,1,0,0
450,460,547,198,0,0,1,0,0
450,455,547,198,0,0,1,0,0
450,450,547,198,0,0,1,0,0
450,445,547,198,0,0,1,0,0
450,440,547,198,0,0,1,0,0
450,435,547,198,0,0,1,0,0
450,430,547,198,0,0,1,0,0
450,425,547,198,0,0,1,0,0
450,420,547,198,0,0,1,0,0
450,415,547,198,0,0,1,0,0
450,410,547,198,0,0,1,0,0
450,405,547,198,0,0,1,0,0
450,400,547,198,0,0,1,0,0
450,395,547,198,0,0,1,0,0
450,390,547,198,0,0,1,0,0
450,385,547,198,0,0,1,0,0
450,380,547,198,0,0,1,0,0
450,375,547,198,0,0,1,0,0
450,370,547,198,0,0,1,0,0
450,365,547,198,0,0,1,0,0
450,360,547,198,0,0,1,0,0
450,355,547,198,0,0,1,0,0
450,350,547,198,0,0,1,0,0
450,345,547,198,0,0,1,0,0
450,340,547,198,0,0,1,0,0
450,335,547,198,0,0,1,0,0
450,330,547,198,0,0,1,0,0
450,325,547,198,0,0,1,0,0
450,320,547,198,0,0,1,0,0
450,315,547,198,0,0,1,0,0
450,310,547,198,0,0,1,0,0
450,305,547,198,0,0,1,0,0
450,300,547,198,0,0,1,0,0
455,295,547,198,0,1,1,0,0
460,290,547,198,0,1,1,0,0
465,285,547,198,0,1,1,0,0
470,280,547,198,0,1,1,0,0
475,275,547,198,0,1,1,0,0
480,270,547,198,0,1,1,0,0
485,265,547,198,0,1,1,0,0
490,260,547,198,0,1,1,0,0
495,255,547,198,0,1,1,0,0
500,250,547,198,0,1,1,0,0
505,245,547,198,0,1,1,0,0
505,240,547,198,0,0,1,0,0
505,235,547,198,0,0,1,0,0
505,230,547,198,0,0,1,0,0
505,225,547,198,0,0,1,0,0
505,220,547,198,0,0,1,0,0
505,215,94,128,0,0,1,0,1
505,210,94,128,0,0,1,0,1
505,205,94,128,0,0,1,0,1
505,200,94,128,0,0,1,0,1
505,195,94,128,0,0,1,0,1
505,190,94,128,0,0,1,0,1
505,185,94,128,0,0,1,0,1
505,180,94,128,0,0,1,0,1
505,175,94,128,0,0,1,0,1
505,170,94,128,0,0,1,0,1
505,165,94,128,0,0,1,0,1
505,160,94,128,0,0,1,0,1
505,155,94,128,0,0,1,0,1
505,150,94,128,0,0,1,0,1
505,145,94,128,0,0,1,0,1
505,140,94,128,0,0,1,0,1
505,135,94,128,0,0,1,0,1
500,130,94,128,1,0,1,0,1
495,125,94,128,1,0,1,0,1
490,120,94,128,1,0,1,0,1
485,115,94,128,1,0,1,0,1
480,110,94,128,1,0,1,0,1
475,105,94,128,1,0,1,0,1
470,105,94,128,1,0,0,0,1
465,105,94,128,1,0,0,0,1
460,105,94,128,1,0,0,0,1
455,105,94,128,1,0,0,0,1
450,105,94,128,1,0,0,0,1
445,105,94,128,1,0,0,0,1
440,105,94,128,1,0,0,0,1
435,105,94,128,1,0,0,0,1
430,105,94,128,1,0,0,0,1
425,105,94,128,1,0,0,0,1
420,105,94,128,1,0,0,0,1
415,105,94,128,1,0,0,0,1
410,105,94,128,1,0,0,0,1
405,105,94,128,1,0,0,0,1
400,105,94,128,1,0,0,0,1
395,105,94,128,1,0,0,0,1
390,105,94,128,1,0,0,0,1
385,110,94,128,1,0,0,1,1
380,115,94,128,1,0,0,1,1
375,120,94,128,1,0,0,1,1
370,125,94,128,1,0,0,1,1
365,130,94,128,1,0,0,1,1
360,130,94,128,1,0,0,0,1
355,130,94,128,1,0,0,0,1
350,130,94,128,1,0,0,0,1
345,130,94,128,1,0,0,0,1
340,130,94,128,1,0,0,0,1
335,130,94,128,1,0,0,0,1
330,130,94,128,1,0,0,0,1
325,130,94,128,1,0,0,0,1
320,130,94,128,1,0,0,0,1
315,130,94,128,1,0,0,0,1
310,130,94,128,1,0,0,0,1
305,130,94,128,1,0,0,0,1
300,130,94,128,1,0,0,0,1
295,130,94,128,1,0,0,0,1
290,130,94,128,1,0,0,0,1
285,130,94,128,1,0,0,0,1
280,130,94,128,1,0,0,0,1
275,125,94,128,1,0,1,0,1
270,120,94,128,1,0,1,0,1
265,115,94,128,1,0,1,0,1
260,110,94,128,1,0,1,0,1
255,105,94,128,1,0,1,0,1
250,100,94,128,1,0,1,0,1
245,95,94,128,1,0,1,0,1
240,90,94,128,1,0,1,0,1
235,90,94,128,1,0,0,0,1
230,90,94,128,1,0,0,0,1
225,90,94,128,1,0,0,0,1
220,90,94,128,1,0,0,0,1
215,90,94,128,1,0,0,0,1
210,90,94,128,1,0,0,0,1
205,90,94,128,1,0,0,0,1
200,90,94,128,1,0,0,0,1
195,90,94,128,1,0,0,0,1
190,90,94,128,1,0,0,0,1
185,90,94,128,1,0,0,0,1
180,90,94,128,1,0,0,0,1
175,90,94,128,1,0,0,0,1
170,90,94,128,1,0,0,0,1
165,95,94,128,1,0,0,1,1
160,100,94,128,1,0,0,1,1
155,105,94,128,1,0,0,1,1
150,110,94,128,1,0,0,1,1
145,115,94,128,1,0,0,1,1
140,120,94,128,1,0,0,1,1
135,125,94,128,1,0,0,1,1
130,130,94,128,1,0,0,1,1
125,135,94,128,1,0,0,1,1
120,135,94,128,1,0,0,0,1
115,135,163,386,1,0,0,0,2
110,135,163,386,1,0,0,0,2
105,135,163,386,1,0,0,0,2
100,135,163,386,1,0,0,0,2
95,135,163,386,1,0,0,0,2
90,135,163,386,1,0,0,0,2
85,135,163,386,1,0,0,0,2
80,135,163,386,1,0,0,0,2
75,135,163,386,1,0,0,0,2
70,130,163,386,1,0,1,0,2
65,125,163,386,1,0,1,0,2
60,120,163,386,1,0,1,0,2
55,115,163,386,1,0,1,0,2
50,110,163,386,1,0,1,0,2
45,105,163,386,1,0,1,0,2
40,100,163,386,1,0,1,0,2
35,100,163,386,1,0,0,0,2
30,100,163,386,1,0,0,0,2
25,100,163,386,1,0,0,0,2
20,100,163,386,1,0,0,0,2
15,100,163,386,1,0,0,0,2
10,100,163,386,1,0,0,0,2
5,100,163,386,1,0,0,0,2
0,105,163,386,1,0,0,1,2
0,110,163,386,0,0,0,1,2
0,115,163,386,0,0,0,1,2
0,120,163,386,0,0,0,1,2
0,125,163,386,0,0,0,1,2
0,130,163,386,0,0,0,1,2
0,135,163,386,0,0,0,1,2
0,140,163,386,0,0,0,1,2
0,145,163,386,0,0,0,1,2
0,150,163,386,0,0,0,1,2
0,155,163,386,0,0,0,1,2
0,160,163,386,0,0,0,1,2
0,165,163,386,0,0,0,1,2
0,170,163,386,0,0,0,1,2
0,175,163,386,0,0,0,1,2
0,180,163,386,0,0,0,1,2
0,185,163,386,0,0,0,1,2
0,190,163,386,0,0,0,1,2
0,195,163,386,0,0,0,1,2
0,200,163,386,0,0,0,1,2
0,205,163,386,0,0,0,1,2
0,210,163,386,0,0,0,1,2
0,215,163,386,0,0,0,1,2
0,220,163,386,0,0,0,1,2
0,225,163,386,0,0,0,1,2
0,230,163,386,0,0,0,1,2
0,235,163,386,0,0,0,1,2
0,240,163,386,0,0,0,1,2
0,245,163,386,0,0,0,1,2
0,250,163,386,0,0,0,1,2
0,255,163,386,0,0,0,1,2
0,260,163,386,0,0,0,1,2
0,265,163,386,0,0,0,1,2
0,270,163,386,0,0,0,1,2
0,275,163,386,0,0,0,1,2
0,280,163,386,0,0,0,1,2
0,285,163,386,0,0,0,1,2
0,290,163,386,0,0,0,1,2
0,295,163,386,0,0,0,1,2
0,300,163,386,0,0,0,1,2
0,305,163,386,0,0,0,1,2
0,310,163,386,0,0,0,1,2
0,315,163,386,0,0,0,1,2
0,320,163,386,0,0,0,1,2
0,325,163,386,0,0,0,1,2
0,330,163,386,0,0,0,1,2
0,335,163,386,0,0,0,1,2
0,340,163,386,0,0,0,1,2
0,345,163,386,0,0,0,1,2
0,350,163,386,0,0,0,1,2
5,355,163,386,0,1,0,1,2
10,360,163,386,0,1,0,1,2
15,365,163,386,0,1,0,1,2
20,370,163,386,0,1,0,1,2
25,375,163,386,0,1,0,1,2
30,380,163,386,0,1,0,1,2
35,385,163,386,0,1,0,1,2
40,385,163,386,0,1,0,0,2
45,385,163,386,0,1,0,0,2
50,385,163,386,0,1,0,0,2
55,385,163,386,0,1,0,0,2
60,385,163,386,0,1,0,0,2
65,385,163,386,0,1,0,0,2
70,385,163,386,0,1,0,0,2
75,385,163,386,0,1,0,0,2
80,385,163,386,0,1,0,0,2
85,385,163,386,0,1,0,0,2
90,385,163,386,0,1,0,0,2
95,385,787,393,0,1,0,0,3
100,385,787,393,0,1,0,0,3
105,385,787,393,0,1,0,0,3
110,385,787,393,0,1,0,0,3
115,385,787,393,0,1,0,0,3
120,385,787,393,0,1,0,0,3
125,385,787,393,0,1,0,0,3
130,385,787,393,0,1,0,0,3
135,385,787,393,0,1,0,0,3
140,385,787,393,0,1,0,0,3
145,385,787,393,0,1,0,0,3
150,385,787,393,0,1,0,0,3
155,385,787,393,0,1,0,0,3
160,385,787,393,0,1,0,0,3
165,385,787,393,0,1,0,0,3
170,385,787,393,0,1,0,0,3
175,385,787,393,0,1,0,0,3
180,385,787,393,0,1,0,0,3
185,385,787,393,0,1,0,0,3
190,385,787,393,0,1,0,0,3
195,385,787,393,0,1,0,0,3
200,385,787,393,0,1,0,0,3
205,385,787,393,0,1,0,0,3
210,385,787,393,0,1,0,0,3
215,385,787,393,0,1,0,0,3
220,385,787,393,0,1,0,0,3
225,385,787,393,0,1,0,0,3
230,385,787,393,0,1,0,0,3
235,385,787,393,0,1,0,0,3
240,385,787,393,0,1,0,0,3
245,385,787,393,0,1,0,0,3
250,385,787,393,0,1,0,0,3
255,385,787,393,0,1,0,0,3
260,385,787,393,0,1,0,0,3
265,385,787,393,0,1,0,0,3
270,385,787,393,0,1,0,0,3
275,385,787,393,0,1,0,0,3
280,385,787,393,0,1,0,0,3
285,385,787,393,0,1,0,0,3
290,385,787,393,0,1,0,0,3
295,385,787,393,0,1,0,0,3
300,385,787,393,0,1,0,0,3
305,385,787,393,0,1,0,0,3
310,385,787,393,0,1,0,0,3
315,385,787,393,0,1,0,0,3
320,385,787,393,0,1,0,0,3
325,385,787,393,0,1,0,0,3
330,385,787,393,0,1,0,0,3
335,385,787,393,0,1,0,0,3
340,385,787,393,0,1,0,0,3
345,385,787,393,0,1,0,0,3
350,385,787,393,0,1,0,0,3
355,385,787,393,0,1,0,0,3
360,385,787,393,0,1,0,0,3
365,385,787,393,0,1,0,0,3
370,385,787,393,0,1,0,0,3
375,385,787,393,0,1,0,0,3
380,385,787,393,0,1,0,0,3
385,385,787,393,0,1,0,0,3
390,385,787,393,0,1,0,0,3
395,385,787,393,0,1,0,0,3
400,385,787,393,0,1,0,0,3
405,385,787,393,0,1,0,0,3
410,385,787,393,0,1,0,0,3
415,385,787,393,0,1,0,0,3
420,385,787,393,0,1,0,0,3
425,385,787,393,0,1,0,0,3
430,385,787,393,0,1,0,0,3
435,385,787,393,0,1,0,0,3
440,385,787,393,0,1,0,0,3
445,385,787,393,0,1,0,0,3
450,385,787,393,0,1,0,0,3
455,385,787,393,0,1,0,0,3
460,385,787,393,0,1,0,0,3
465,385,787,393,0,1,0,0,3
470,385,787,393,0,1,0,0,3
475,385,787,393,0,1,0,0,3
480,385,787,393,0,1,0,0,3
485,385,787,393,0,1,0,0,3
490,385,787,393,0,1,0,0,3
495,385,787,393,0,1,0,0,3
500,385,787,393,0,1,0,0,3
505,385,787,393,0,1,0,0,3
510,385,787,393,0,1,0,0,3
515,385,787,393,0,1,0,0,3
520,385,787,393,0,1,0,0,3
525,385,787,393,0,1,0,0,3
530,385,787,393,0,1,0,0,3
535,385,787,393,0,1,0,0,3
540,385,787,393,0,1,0,0,3
545,385,787,393,0,1,0,0,3
550,385,787,393,0,1,0,0,3
555,385,787,393,0,1,0,0,3
560,385,787,393,0,1,0,0,3
565,385,787,393,0,1,0,0,3
570,385,787,393,0,1,0,0,3
575,385,787,393,0,1,0,0,3
580,385,787,393,0,1,0,0,3
585,385,787,393,0,1,0,0,3
590,385,787,393,0,1,0,0,3
595,385,787,393,0,1,0,0,3
600,385,787,393,0,1,0,0,3
605,385,787,393,0,1,0,0,3
610,385,787,393,0,1,0,0,3
615,385,787,393,0,1,0,0,3
620,385,787,393,0,1,0,0,3
625,385,787,393,0,1,0,0,3
630,385,787,393,0,1,0,0,3
635,385,787,393,0,1,0,0,3
640,385,787,393,0,1,0,0,3
645,385,787,393,0,1,0,0,3
650,385,787,393,0,1,0,0,3
655,385,787,393,0,1,0,0,3
660,385,787,393,0,1,0,0,3
665,385,787,393,0,1,0,0,3
670,385,787,393,0,1,0,0,3
675,385,787,393,0,1,0,0,3
680,385,787,393,0,1,0,0,3
685,385,787,393,0,1,0,0,3
690,385,787,393,0,1,0,0,3
695,385,787,393,0,1,0,0,3
700,385,787,393,0,1,0,0,3
705,385,787,393,0,1,0,0,3
710,385,787,393,0,1,0,0,3
715,385,787,393,0,1,0,0,3
720,385,136,210,0,1,0,0,4
725,380,136,210,0,1,1,0,4
730,375,136,210,0,1,1,0,4
735,370,136,210,0,1,1,0,4
740,365,136,210,0,1,1,0,4
745,360,136,210,0,1,1,0,4
750,355,136,210,0,1,1,0,4
755,350,136,210,0,1,1,0,4
755,345,136,210,0,0,1,0,4
755,340,136,210,0,0,1,0,4
755,335,136,210,0,0,1,0,4
755,330,136,210,0,0,1,0,4
750,325,136,210,1,0,1,0,4
745,320,136,210,1,0,1,0,4
740,315,136,210,1,0,1,0,4
735,310,136,210,1,0,1,0,4
730,310,136,210,1,0,0,0,4
725,310,136,210,1,0,0,0,4
720,310,136,210,1,0,0,0,4
715,310,136,210,1,0,0,0,4
710,310,136,210,1,0,0,0,4
705,310,136,210,1,0,0,0,4
700,310,136,210,1,0,0,0,4
695,310,136,210,1,0,0,0,4
690,310,136,210,1,0,0,0,4
685,310,136,210,1,0,0,0,4
680,310,136,210,1,0,0,0,4
675,310,136,210,1,0,0,0,4
670,310,136,210,1,0,0,0,4
665,310,136,210,1,0,0,0,4
660,310,136,210,1,0,0,0,4
655,310,136,210,1,0,0,0,4
650,310,136,210,1,0,0,0,4
645,310,136,210,1,0,0,0,4
640,310,136,210,1,0,0,0,4
635,310,136,210,1,0,0,0,4
630,310,136,210,1,0,0,0,4
625,310,136,210,1,0,0,0,4
620,310,136,210,1,0,0,0,4
615,310,136,210,1,0,0,0,4
610,310,136,210,1,0,0,0,4
605,310,136,210,1,0,0,0,4
600,310,136,210,1,0,0,0,4
595,310,136,210,1,0,0,0,4
590,310,136,210,1,0,0,0,4
585,310,136,210,1,0,0,0,4
580,310,136,210,1,0,0,0,4
575,310,136,210,1,0,0,0,4
570,310,136,210,1,0,0,0,4
565,310,136,210,1,0,0,0,4
560,310,136,210,1,0,0,0,4
555,310,136,210,1,0,0,0,4
550,310,136,210,1,0,0,0,4
545,310,136,210,1,0,0,0,4
540,310,136,210,1,0,0,0,4
535,310,136,210,1,0,0,0,4
530,310,136,210,1,0,0,0,4
525,310,136,210,1,0,0,0,4
520,310,136,210,1,0,0,0,4
515,310,136,210,1,0,0,0,4
510,310,136,210,1,0,0,0,4
505,310,136,210,1,0,0,0,4
500,310,136,210,1,0,0,0,4
495,310,136,210,1,0,0,0,4
490,310,136,210,1,0,0,0,4
485,310,136,210,1,0,0,0,4
480,310,136,210,1,0,0,0,4
475,310,136,210,1,0,0,0,4
470,310,136,210,1,0,0,0,4
465,310,136,210,1,0,0,0,4
460,310,136,210,1,0,0,0,4
455,310,136,210,1,0,0,0,4
450,310,136,210,1,0,0,0,4
445,310,136,210,1,0,0,0,4
440,310,136,210,1,0,0,0,4
435,310,136,210,1,0,0,0,4
430,310,136,210,1,0,0,0,4
425,310,136,210,1,0,0,0,4
420,310,136,210,1,0,0,0,4
415,310,136,210,1,0,0,0,4
410,310,136,210,1,0,0,0,4
405,310,136,210,1,0,0,0,4
400,310,136,210,1,0,0,0,4
395,310,136,210,1,0,0,0,4
390,310,136,210,1,0,0,0,4
385,310,136,210,1,0,0,0,4
380,310,136,210,1,0,0,0,4
375,310,136,210,1,0,0,0,4
370,310,136,210,1,0,0,0,4
365,310,136,210,1,0,0,0,4
360,310,136,210,1,0,0,0,4
355,310,136,210,1,0,0,0,4
350,310,136,210,1,0,0,0,4
345,310,136,210,1,0,0,0,4
340,310,136,210,1,0,0,0,4
335,310,136,210,1,0,0,0,4
330,310,136,210,1,0,0,0,4
325,310,136,210,1,0,0,0,4
320,310,136,210,1,0,0,0,4
315,305,136,210,1,0,1,0,4
310,300,136,210,1,0,1,0,4
305,295,136,210,1,0,1,0,4
300,290,136,210,1,0,1,0,4
295,285,136,210,1,0,1,0,4
290,280,136,210,1,0,1,0,4
285,275,136,210,1,0,1,0,4
280,270,136,210,1,0,1,0,4
275,270,136,210,1,0,0,0,4
270,270,136,210,1,0,0,0,4
265,270,136,210,1,0,0,0,4
260,270,136,210,1,0,0,0,4
255,270,136,210,1,0,0,0,4
250,270,136,210,1,0,0,0,4
245,270,136,210,1,0,0,0,4
240,270,136,210,1,0,0,0,4
235,270,136,210,1,0,0,0,4
230,270,136,210,1,0,0,0,4
225,270,136,210,1,0,0,0,4
220,270,136,210,1,0,0,0,4
215,270,136,210,1,0,0,0,4
210,270,136,210,1,0,0,0,4
205,270,136,210,1,0,0,0,4
200,270,136,210,1,0,0,0,4
195,270,136,210,1,0,0,0,4
190,270,136,210,1,0,0,0,4
185,270,136,210,1,0,0,0,4
180,270,136,210,1,0,0,0,4
175,270,136,210,1,0,0,0,4
170,270,136,210,1,0,0,0,4
165,265,136,210,1,0,1,0,4
160,260,136,210,1,0,1,0,4
155,255,136,210,1,0,1,0,4
150,250,136,210,1,0,1,0,4
145,245,136,210,1,0,1,0,4
140,240,136,210,1,0,1,0,4
135,235,136,210,1,0,1,0,4
130,230,662,299,1,0,1,0,5
125,225,662,299,1,0,1,0,5
120,220,662,299,1,0,1,0,5
115,215,662,299,1,0,1,0,5
110,210,662,299,1,0,1,0,5
105,205,662,299,1,0,1,0,5
100,200,662,299,1,0,1,0,5
95,195,662,299,1,0,1,0,5
90,190,662,299,1,0,1,0,5
85,190,662,299,1,0,0,0,5
80,190,662,299,1,0,0,0,5
75,190,662,299,1,0,0,0,5
75,190,662,299,1,1,0,0,5
75,190,662,299,1,1,0,0,5
80,190,662,299,0,1,0,0,5
85,190,662,299,0,1,0,0,5
90,190,662,299,0,1,0,0,5
95,190,662,299,0,1,0,0,5
100,190,662,299,0,1,0,0,5
105,190,662,299,0,1,0,0,5
110,190,662,299,0,1,0,0,5
115,190,662,299,0,1,0,0,5
120,190,662,299,0,1,0,0,5
125,190,662,299,0,1,0,0,5
130,190,662,299,0,1,0,0,5
135,190,662,299,0,1,0,0,5
140,190,662,299,0,1,0,0,5
145,190,662,299,0,1,0,0,5
150,190,662,299,0,1,0,0,5
155,190,662,299,0,1,0,0,5
160,190,662,299,0,1,0,0,5
165,190,662,299,0,1,0,0,5
170,190,662,299,0,1,0,0,5
175,190,662,299,0,1,0,0,5
180,190,662,299,0,1,0,0,5
185,190,662,299,0,1,0,0,5
190,190,662,299,0,1,0,0,5
195,190,662,299,0,1,0,0,5
200,190,662,299,0,1,0,0,5
205,190,662,299,0,1,0,0,5
210,190,662,299,0,1,0,0,5
215,190,662,299,0,1,0,0,5
220,190,662,299,0,1,0,0,5
225,190,662,299,0,1,0,0,5
230,190,662,299,0,1,0,0,5
235,190,662,299,0,1,0,0,5
240,190,662,299,0,1,0,0,5
245,190,662,299,0,1,0,0,5
250,190,662,299,0,1,0,0,5
255,190,662,299,0,1,0,0,5
260,190,662,299,0,1,0,0,5
265,190,662,299,0,1,0,0,5
270,190,662,299,0,1,0,0,5
275,190,662,299,0,1,0,0,5
280,190,662,299,0,1,0,0,5
285,190,662,299,0,1,0,0,5
290,190,662,299,0,1,0,0,5
295,190,662,299,0,1,0,0,5
300,190,662,299,0,1,0,0,5
305,190,662,299,0,1,0,0,5
310,190,662,299,0,1,0,0,5
315,190,662,299,0,1,0,0,5
320,190,662,299,0,1,0,0,5
325,190,662,299,0,1,0,0,5
330,190,662,299,0,1,0,0,5
335,190,662,299,0,1,0,0,5
340,190,662,299,0,1,0,0,5
345,190,662,299,0,1,0,0,5
350,190,662,299,0,1,0,0,5
355,190,662,299,0,1,0,0,5
360,190,662,299,0,1,0,0,5
365,190,662,299,0,1,0,0,5
370,190,662,299,0,1,0,0,5
375,190,662,299,0,1,0,0,5
380,190,662,299,0,1,0,0,5
385,190,662,299,0,1,0,0,5
390,190,662,299,0,1,0,0,5
395,190,662,299,0,1,0,0,5
400,190,662,299,0,1,0,0,5
405,190,662,299,0,1,0,0,5
410,190,662,299,0,1,0,0,5
415,190,662,299,0,1,0,0,5
420,190,662,299,0,1,0,0,5
425,190,662,299,0,1,0,0,5
430,190,662,299,0,1,0,0,5
435,190,662,299,0,1,0,0,5
440,190,662,299,0,1,0,0,5
445,190,662,299,0,1,0,0,5
450,190,662,299,0,1,0,0,5
455,190,662,299,0,1,0,0,5
460,190,662,299,0,1,0,0,5
465,190,662,299,0,1,0,0,5
470,190,662,299,0,1,0,0,5
475,190,662,299,0,1,0,0,5
480,190,662,299,0,1,0,0,5
485,190,662,299,0,1,0,0,5
490,190,662,299,0,1,0,0,5
495,190,662,299,0,1,0,0,5
500,190,662,299,0,1,0,0,5
505,190,662,299,0,1,0,0,5
510,190,662,299,0,1,0,0,5
515,190,662,299,0,1,0,0,5
520,190,662,299,0,1,0,0,5
525,190,662,299,0,1,0,0,5
530,190,662,299,0,1,0,0,5
535,190,662,299,0,1,0,0,5
540,190,662,299,0,1,0,0,5
545,190,662,299,0,1,0,0,5
550,190,662,299,0,1,0,0,5
555,190,662,299,0,1,0,0,5
560,190,662,299,0,1,0,0,5
565,190,662,299,0,1,0,0,5
570,190,662,299,0,1,0,0,5
575,190,662,299,0,1,0,0,5
580,190,662,299,0,1,0,0,5
585,190,662,299,0,1,0,0,5
590,195,662,299,0,1,0,1,5
595,200,662,299,0,1,0,1,5
600,205,662,299,0,1,0,1,5
600,210,662,299,0,0,0,1,5
600,215,662,299,0,0,0,1,5
600,220,662,299,0,0,0,1,5
600,225,662,299,0,0,0,1,5
600,230,615,75,0,0,0,1,6
600,235,615,75,0,0,0,1,6
600,240,615,75,0,0,0,1,6
600,245,615,75,0,0,0,1,6
600,250,615,75,0,0,0,1,6
600,255,615,75,0,0,0,1,6
600,260,615,75,0,0,0,1,6
600,265,615,75,0,0,0,1,6
600,270,615,75,0,0,0,1,6
600,275,615,75,0,0,0,1,6
600,280,615,75,0,0,0,1,6
600,285,615,75,0,0,0,1,6
600,290,615,75,0,0,0,1,6
605,290,615,75,0,1,0,0,6
610,290,615,75,0,1,0,0,6
615,290,615,75,0,1,0,0,6
620,290,615,75,0,1,0,0,6
625,290,615,75,0,1,0,0,6
630,290,615,75,0,1,0,0,6
635,290,615,75,0,1,0,0,6
640,290,615,75,0,1,0,0,6
645,290,615,75,0,1,0,0,6
650,290,615,75,0,1,0,0,6
655,290,615,75,0,1,0,0,6
660,290,615,75,0,1,0,0,6
665,285,615,75,0,1,1,0,6
670,280,615,75,0,1,1,0,6
675,275,615,75,0,1,1,0,6
680,270,615,75,0,1,1,0,6
685,265,615,75,0,1,1,0,6
690,260,615,75,0,1,1,0,6
695,255,615,75,0,1,1,0,6
700,250,615,75,0,1,1,0,6
705,245,615,75,0,1,1,0,6
710,240,615,75,0,1,1,0,6
715,235,615,75,0,1,1,0,6
720,230,615,75,0,1,1,0,6
720,225,615,75,0,0,1,0,6
720,220,615,75,0,0,1,0,6
720,215,615,75,0,0,1,0,6
715,210,615,75,1,0,1,0,6
710,205,615,75,1,0,1,0,6
705,200,615,75,1,0,1,0,6
700,195,615,75,1,0,1,0,6
695,190,615,75,1,0,1,0,6
690,185,615,75,1,0,1,0,6
685,180,615,75,1,0,1,0,6
680,180,615,75,1,0,0,0,6
675,180,615,75,1,0,0,0,6
670,180,615,75,1,0,0,0,6
665,180,615,75,1,0,0,0,6
660,180,615,75,1,0,0,0,6
655,180,615,75,1,0,0,0,6
650,180,615,75,1,0,0,0,6
645,180,615,75,1,0,0,0,6
640,180,615,75,1,0,0,0,6
635,180,615,75,1,0,0,0,6
630,180,615,75,1,0,0,0,6
625,180,615,75,1,0,0,0,6
620,180,615,75,1,0,0,0,6
615,180,615,75,1,0,0,0,6
610,180,615,75,1,0,0,0,6
605,180,615,75,1,0,0,0,6
600,180,615,75,1,0,0,0,6
595,180,615,75,1,0,0,0,6
590,180,615,75,1,0,0,0,6
585,180,615,75,1,0,0,0,6
580,180,615,75,1,0,0,0,6
575,180,615,75,1,0,0,0,6
570,180,615,75,1,0,0,0,6
565,180,615,75,1,0,0,0,6
560,175,615,75,1,0,1,0,6
555,170,615,75,1,0,1,0,6
550,165,615,75,1,0,1,0,6
545,160,615,75,1,0,1,0,6
540,155,615,75,1,0,1,0,6
535,150,615,75,1,0,1,0,6
530,145,615,75,1,0,1,0,6
530,140,615,75,0,0,1,0,6
535,135,615,75,0,1,1,0,6
540,130,615,75,0,1,1,0,6
545,125,615,75,0,1,1,0,6
550,120,615,75,0,1,1,0,6
555,115,615,75,0,1,1,0,6
560,110,615,75,0,1,1,0,6
565,110,615,75,0,1,0,0,6
570,110,615,75,0,1,0,0,6
575,110,615,75,0,1,0,0,6
580,110,615,75,0,1,0,0,6
585,110,615,75,0,1,0,0,6
590,110,615,75,0,1,0,0,6
595,110,615,75,0,1,0,0,6
600,110,615,75,0,1,0,0,6
605,110,615,75,0,1,0,0,6
610,110,615,75,0,1,0,0,6
615,110,615,75,0,1,0,0,6
620,110,615,75,0,1,0,0,6
625,110,615,75,0,1,0,0,6
630,110,615,75,0,1,0,0,6
630,110,615,75,1,1,0,0,6
630,105,615,75,1,1,1,0,6
630,100,615,75,1,1,1,0,6
625,95,350,480,1,0,1,0,7
625,90,350,480,0,0,1,0,7
625,85,350,480,0,0,1,0,7
625,80,350,480,0,0,1,0,7
625,75,350,480,0,0,1,0,7
620,70,350,480,1,0,1,0,7
615,65,350,480,1,0,1,0,7
610,60,350,480,1,0,1,0,7
605,55,350,480,1,0,1,0,7
600,50,350,480,1,0,1,0,7
595,45,350,480,1,0,1,0,7
590,40,350,480,1,0,1,0,7
585,35,350,480,1,0,1,0,7
580,30,350,480,1,0,1,0,7
575,30,350,480,1,0,0,0,7
570,30,350,480,1,0,0,0,7
565,30,350,480,1,0,0,0,7
560,30,350,480,1,0,0,0,7
555,30,350,480,1,0,0,0,7
550,30,350,480,1,0,0,0,7
545,30,350,480,1,0,0,0,7
540,30,350,480,1,0,0,0,7
535,30,350,480,1,0,0,0,7
530,30,350,480,1,0,0,0,7
525,30,350,480,1,0,0,0,7
520,30,350,480,1,0,0,0,7
515,30,350,480,1,0,0,0,7
510,30,350,480,1,0,0,0,7
505,30,350,480,1,0,0,0,7
500,30,350,480,1,0,0,0,7
495,30,350,480,1,0,0,0,7
490,30,350,480,1,0,0,0,7
485,30,350,480,1,0,0,0,7
480,30,350,480,1,0,0,0,7
475,30,350,480,1,0,0,0,7
470,30,350,480,1,0,0,0,7
465,30,350,480,1,0,0,0,7
460,30,350,480,1,0,0,0,7
455,30,350,480,1,0,0,0,7
450,30,350,480,1,0,0,0,7
445,30,350,480,1,0,0,0,7
440,30,350,480,1,0,0,0,7
435,30,350,480,1,0,0,0,7
430,30,350,480,1,0,0,0,7
425,30,350,480,1,0,0,0,7
420,35,350,480,1,0,0,1,7
415,40,350,480,1,0,0,1,7
410,45,350,480,1,0,0,1,7
405,50,350,480,1,0,0,1,7
400,55,350,480,1,0,0,1,7
400,60,350,480,0,0,0,1,7
400,65,350,480,0,0,0,1,7
400,70,350,480,0,0,0,1,7
400,75,350,480,0,0,0,1,7
400,80,350,480,0,0,0,1,7
400,85,350,480,0,0,0,1,7
400,90,350,480,0,0,0,1,7
400,95,350,480,0,0,0,1,7
400,100,350,480,0,0,0,1,7
400,105,350,480,0,0,0,1,7
400,110,350,480,0,0,0,1,7
400,115,350,480,0,0,0,1,7
400,120,350,480,0,0,0,1,7
400,125,350,480,0,0,0,1,7
400,130,350,480,0,0,0,1,7
400,135,350,480,0,0,0,1,7
400,140,350,480,0,0,0,1,7
400,145,350,480,0,0,0,1,7
400,150,350,480,0,0,0,1,7
400,155,350,480,0,0,0,1,7
400,160,350,480,0,0,0,1,7
400,165,350,480,0,0,0,1,7
400,170,350,480,0,0,0,1,7
400,175,350,480,0,0,0,1,7
400,180,350,480,0,0,0,1,7
400,185,350,480,0,0,0,1,7
400,190,350,480,0,0,0,1,7
400,195,350,480,0,0,0,1,7
400,200,350,480,0,0,0,1,7
400,205,350,480,0,0,0,1,7
400,210,350,480,0,0,0,1,7
400,215,350,480,0,0,0,1,7
400,220,350,480,0,0,0,1,7
400,225,350,480,0,0,0,1,7
400,230,350,480,0,0,0,1,7
400,235,350,480,0,0,0,1,7
400,240,350,480,0,0,0,1,7
400,245,350,480,0,0,0,1,7
400,250,350,480,0,0,0,1,7
400,255,350,480,0,0,0,1,7
400,260,350,480,0,0,0,1,7
400,265,350,480,0,0,0,1,7
400,270,350,480,0,0,0,1,7
400,275,350,480,0,0,0,1,7
400,280,350,480,0,0,0,1,7
400,285,350,480,0,0,0,1,7
400,290,350,480,0,0,0,1,7
400,295,350,480,0,0,0,1,7
400,300,350,480,0,0,0,1,7
400,305,350,480,0,0,0,1,7
400,310,350,480,0,0,0,1,7
400,315,350,480,0,0,0,1,7
400,320,350,480,0,0,0,1,7
400,325,350,480,0,0,0,1,7
400,330,350,480,0,0,0,1,7
400,335,350,480,0,0,0,1,7
400,340,350,480,0,0,0,1,7
400,345,350,480,0,0,0,1,7
400,350,350,480,0,0,0,1,7
400,355,350,480,0,0,0,1,7
400,360,350,480,0,0,0,1,7
400,365,350,480,0,0,0,1,7
400,370,350,480,0,0,0,1,7
400,375,350,480,0,0,0,1,7
400,380,350,480,0,0,0,1,7
400,385,350,480,0,0,0,1,7
400,390,350,480,0,0,0,1,7
395,395,350,480,1,0,0,1,7
390,400,350,480,1,0,0,1,7
385,405,350,480,1,0,0,1,7
380,410,350,480,1,0,0,1,7
375,415,350,480,1,0,0,1,7
370,415,738,358,1,0,0,0,8
365,415,738,358,1,0,0,0,8
360,415,738,358,1,0,0,0,8
355,415,738,358,1,0,0,0,8
350,415,738,358,1,0,0,0,8
345,415,738,358,1,0,0,0,8
340,415,738,358,1,0,0,0,8
335,415,738,358,1,0,0,0,8
330,415,738,358,1,0,0,0,8
325,415,738,358,1,0,0,0,8
320,415,738,358,1,0,0,0,8
315,415,738,358,1,0,0,0,8
310,415,738,358,1,0,0,0,8
305,415,738,358,1,0,0,0,8
300,415,738,358,1,0,0,0,8
295,415,738,358,1,0,0,0,8
290,415,738,358,1,0,0,0,8
285,415,738,358,1,0,0,0,8
280,415,738,358,1,0,0,0,8
280,415,738,358,1,1,0,0,8
280,415,738,358,1,1,0,0,8
280,415,738,358,1,1,0,0,8
285,415,738,358,0,1,0,0,8
290,415,738,358,0,1,0,0,8
295,415,738,358,0,1,0,0,8
300,415,738,358,0,1,0,0,8
305,415,738,358,0,1,0,0,8
310,415,738,358,0,1,0,0,8
315,415,738,358,0,1,0,0,8
320,415,738,358,0,1,0,0,8
325,415,738,358,0,1,0,0,8
330,415,738,358,0,1,0,0,8
335,415,738,358,0,1,0,0,8
340,415,738,358,0,1,0,0,8
345,415,738,358,0,1,0,0,8
350,415,738,358,0,1,0,0,8
355,415,738,358,0,1,0,0,8
360,415,738,358,0,1,0,0,8
365,415,738,358,0,1,0,0,8
370,415,738,358,0,1,0,0,8
375,415,738,358,0,1,0,0,8
380,415,738,358,0,1,0,0,8
385,415,738,358,0,1,0,0,8
390,415,738,358,0,1,0,0,8
395,415,738,358,0,1,0,0,8
400,415,738,358,0,1,0,0,8
405,415,738,358,0,1,0,0,8
410,415,738,358,0,1,0,0,8
415,415,738,358,0,1,0,0,8
420,415,738,358,0,1,0,0,8
425,415,738,358,0,1,0,0,8
430,415,738,358,0,1,0,0,8
435,415,738,358,0,1,0,0,8
440,415,738,358,0,1,0,0,8
445,415,738,358,0,1,0,0,8
450,415,738,358,0,1,0,0,8
455,415,738,358,0,1,0,0,8
460,415,738,358,0,1,0,0,8
465,415,738,358,0,1,0,0,8
470,415,738,358,0,1,0,0,8
475,415,738,358,0,1,0,0,8
480,415,738,358,0,1,0,0,8
485,415,738,358,0,1,0,0,8
490,415,738,358,0,1,0,0,8
495,415,738,358,0,1,0,0,8
500,415,738,358,0,1,0,0,8
505,415,738,358,0,1,0,0,8
510,415,738,358,0,1,0,0,8
515,415,738,358,0,1,0,0,8
520,415,738,358,0,1,0,0,8
525,415,738,358,0,1,0,0,8
530,415,738,358,0,1,0,0,8
535,415,738,358,0,1,0,0,8
540,415,738,358,0,1,0,0,8
545,415,738,358,0,1,0,0,8
550,415,738,358,0,1,0,0,8
555,415,738,358,0,1,0,0,8
560,415,738,358,0,1,0,0,8
565,415,738,358,0,1,0,0,8
570,415,738,358,0,1,0,0,8
575,415,738,358,0,1,0,0,8
580,415,738,358,0,1,0,0,8
585,415,738,358,0,1,0,0,8
590,415,738,358,0,1,0,0,8
595,415,738,358,0,1,0,0,8
600,415,738,358,0,1,0,0,8
605,415,738,358,0,1,0,0,8
610,415,738,358,0,1,0,0,8
615,415,738,358,0,1,0,0,8
620,415,738,358,0,1,0,0,8
625,415,738,358,0,1,0,0,8
630,410,738,358,0,1,1,0,8
635,405,738,358,0,1,1,0,8
640,400,738,358,0,1,1,0,8
645,395,738,358,0,1,1,0,8
645,390,738,358,0,0,1,0,8
645,385,738,358,0,0,1,0,8
645,380,738,358,0,0,1,0,8
645,375,738,358,0,0,1,0,8
645,370,738,358,0,0,1,0,8
645,365,738,358,0,0,1,0,8
645,360,738,358,0,0,1,0,8
645,355,738,358,0,0,1,0,8
645,350,738,358,0,0,1,0,8
645,345,738,358,0,0,1,0,8
645,340,738,358,0,0,1,0,8
645,335,738,358,0,0,1,0,8
645,330,738,358,0,0,1,0,8
645,325,738,358,0,0,1,0,8
645,320,738,358,0,0,1,0,8
645,315,738,358,0,0,1,0,8
645,310,738,358,0,0,1,0,8
645,305,738,358,0,0,1,0,8
650,300,738,358,0,1,1,0,8
655,300,738,358,0,1,0,0,8
660,300,738,358,0,1,0,0,8
665,300,738,358,0,1,0,0,8
670,300,444,301,0,1,0,0,9
675,300,444,301,0,1,0,0,9
680,300,444,301,0,1,0,0,9
685,300,444,301,0,1,0,0,9
690,300,444,301,0,1,0,0,9
695,300,444,301,0,1,0,0,9
700,300,444,301,0,1,0,0,9
705,300,444,301,0,1,0,0,9
710,300,444,301,0,1,0,0,9
715,300,444,301,0,1,0,0,9
720,300,444,301,0,1,0,0,9
725,300,444,301,0,1,0,0,9
730,300,444,301,0,1,0,0,9
735,300,444,301,0,1,0,0,9
740,300,444,301,0,1,0,0,9
740,300,444,301,1,1,0,0,9
735,300,444,301,1,0,0,0,9
730,300,444,301,1,0,0,0,9
725,300,444,301,1,0,0,0,9
720,300,444,301,1,0,0,0,9
715,300,444,301,1,0,0,0,9
710,300,444,301,1,0,0,0,9
705,300,444,301,1,0,0,0,9
700,300,444,301,1,0,0,0,9
695,300,444,301,1,0,0,0,9
690,300,444,301,1,0,0,0,9
685,300,444,301,1,0,0,0,9
680,300,444,301,1,0,0,0,9
675,300,444,301,1,0,0,0,9
670,300,444,301,1,0,0,0,9
665,300,444,301,1,0,0,0,9
660,300,444,301,1,0,0,0,9
655,300,444,301,1,0,0,0,9
650,300,444,301,1,0,0,0,9
645,300,444,301,1,0,0,0,9
640,300,444,301,1,0,0,0,9
635,300,444,301,1,0,0,0,9
630,300,444,301,1,0,0,0,9
625,300,444,301,1,0,0,0,9
620,300,444,301,1,0,0,0,9
615,300,444,301,1,0,0,0,9
610,300,444,301,1,0,0,0,9
605,300,444,301,1,0,0,0,9
600,300,444,301,1,0,0,0,9
595,300,444,301,1,0,0,0,9
590,300,444,301,1,0,0,0,9
585,300,444,301,1,0,0,0,9
580,300,444,301,1,0,0,0,9
575,300,444,301,1,0,0,0,9
570,300,444,301,1,0,0,0,9
565,300,444,301,1,0,0,0,9
560,300,444,301,1,0,0,0,9
555,300,444,301,1,0,0,0,9
550,300,444,301,1,0,0,0,9
545,300,444,301,1,0,0,0,9
540,300,444,301,1,0,0,0,9
535,300,444,301,1,0,0,0,9
530,300,444,301,1,0,0,0,9
525,300,444,301,1,0,0,0,9
520,300,444,301,1,0,0,0,9
515,300,444,301,1,0,0,0,9
510,300,444,301,1,0,0,0,9
505,300,444,301,1,0,0,0,9
500,300,444,301,1,0,0,0,9
495,300,444,301,1,0,0,0,9
490,300,444,301,1,0,0,0,9
485,300,444,301,1,0,0,0,9
480,300,444,301,1,0,0,0,9
475,300,444,301,1,0,0,0,9
470,300,444,301,1,0,0,0,9
465,300,743,248,1,0,0,0,10
460,300,743,248,1,0,0,0,10
455,300,743,248,1,0,0,0,10
450,300,743,248,1,0,0,0,10
445,300,743,248,1,0,0,0,10
440,300,743,248,1,0,0,0,10
435,300,743,248,1,0,0,0,10
430,300,743,248,1,0,0,0,10
425,300,743,248,1,0,0,0,10
420,300,743,248,1,0,0,0,10
415,300,743,248,1,0,0,0,10
410,300,743,248,1,0,0,0,10
405,300,743,248,1,0,0,0,10
400,295,743,248,1,0,1,0,10
395,290,743,248,1,0,1,0,10
395,285,743,248,1,1,1,0,10
400,280,743,248,0,1,1,0,10
405,280,743,248,0,1,0,0,10
410,280,743,248,0,1,0,0,10
415,280,743,248,0,1,0,0,10
420,280,743,248,0,1,0,0,10
425,280,743,248,0,1,0,0,10
430,280,743,248,0,1,0,0,10
435,280,743,248,0,1,0,0,10
440,280,743,248,0,1,0,0,10
445,280,743,248,0,1,0,0,10
450,280,743,248,0,1,0,0,10
455,280,743,248,0,1,0,0,10
460,280,743,248,0,1,0,0,10
465,280,743,248,0,1,0,0,10
470,280,743,248,0,1,0,0,10
475,280,743,248,0,1,0,0,10
480,280,743,248,0,1,0,0,10
485,280,743,248,0,1,0,0,10
490,280,743,248,0,1,0,0,10
495,280,743,248,0,1,0,0,10
500,280,743,248,0,1,0,0,10
505,280,743,248,0,1,0,0,10
510,280,743,248,0,1,0,0,10
515,280,743,248,0,1,0,0,10
520,280,743,248,0,1,0,0,10
525,280,743,248,0,1,0,0,10
530,280,743,248,0,1,0,0,10
535,280,743,248,0,1,0,0,10
540,280,743,248,0,1,0,0,10
545,280,743,248,0,1,0,0,10
550,280,743,248,0,1,0,0,10
555,280,743,248,0,1,0,0,10
560,280,743,248,0,1,0,0,10
565,280,743,248,0,1,0,0,10
570,280,743,248,0,1,0,0,10
575,280,743,248,0,1,0,0,10
580,280,743,248,0,1,0,0,10
585,280,743,248,0,1,0,0,10
590,280,743,248,0,1,0,0,10
595,280,743,248,0,1,0,0,10
600,280,743,248,0,1,0,0,10
605,280,743,248,0,1,0,0,10
610,280,743,248,0,1,0,0,10
615,280,743,248,0,1,0,0,10
620,280,743,248,0,1,0,0,10
625,280,743,248,0,1,0,0,10
630,280,743,248,0,1,0,0,10
635,280,743,248,0,1,0,0,10
640,280,743,248,0,1,0,0,10
645,280,743,248,0,1,0,0,10
650,280,743,248,0,1,0,0,10
655,280,743,248,0,1,0,0,10
660,280,743,248,0,1,0,0,10
665,280,743,248,0,1,0,0,10
670,280,743,248,0,1,0,0,10
675,280,743,248,0,1,0,0,10
680,280,743,248,0,1,0,0,10
685,280,743,248,0,1,0,0,10
690,280,743,248,0,1,0,0,10
695,280,743,248,0,1,0,0,10
700,280,743,248,0,1,0,0,10
705,280,743,248,0,1,0,0,10
710,280,743,248,0,1,0,0,10
715,280,743,248,0,1,0,0,10
720,280,743,248,0,1,0,0,10
725,275,743,248,0,1,1,0,10
730,270,743,248,0,1,1,0,10
735,265,214,330,0,1,1,0,11
730,260,214,330,1,0,1,0,11
725,255,214,330,1,0,1,0,11
720,250,214,330,1,0,1,0,11
715,250,214,330,1,0,0,0,11
710,250,214,330,1,0,0,0,11
705,250,214,330,1,0,0,0,11
700,250,214,330,1,0,0,0,11
695,250,214,330,1,0,0,0,11
690,250,214,330,1,0,0,0,11
685,250,214,330,1,0,0,0,11
680,250,214,330,1,0,0,0,11
675,250,214,330,1,0,0,0,11
670,250,214,330,1,0,0,0,11
665,250,214,330,1,0,0,0,11
660,250,214,330,1,0,0,0,11
655,250,214,330,1,0,0,0,11
650,250,214,330,1,0,0,0,11
645,250,214,330,1,0,0,0,11
640,250,214,330,1,0,0,0,11
635,250,214,330,1,0,0,0,11
630,250,214,330,1,0,0,0,11
625,250,214,330,1,0,0,0,11
620,250,214,330,1,0,0,0,11
615,250,214,330,1,0,0,0,11
610,250,214,330,1,0,0,0,11
605,250,214,330,1,0,0,0,11
600,250,214,330,1,0,0,0,11
595,250,214,330,1,0,0,0,11
590,250,214,330,1,0,0,0,11
585,250,214,330,1,0,0,0,11
580,250,214,330,1,0,0,0,11
575,250,214,330,1,0,0,0,11
570,250,214,330,1,0,0,0,11
565,250,214,330,1,0,0,0,11
560,250,214,330,1,0,0,0,11
555,250,214,330,1,0,0,0,11
550,250,214,330,1,0,0,0,11
545,250,214,330,1,0,0,0,11
540,250,214,330,1,0,0,0,11
535,250,214,330,1,0,0,0,11
530,250,214,330,1,0,0,0,11
525,250,214,330,1,0,0,0,11
520,250,214,330,1,0,0,0,11
515,250,214,330,1,0,0,0,11
510,250,214,330,1,0,0,0,11
505,250,214,330,1,0,0,0,11
500,250,214,330,1,0,0,0,11
495,250,214,330,1,0,0,0,11
490,250,214,330,1,0,0,0,11
485,250,214,330,1,0,0,0,11
480,250,214,330,1,0,0,0,11
475,250,214,330,1,0,0,0,11
470,250,214,330,1,0,0,0,11
465,250,214,330,1,0,0,0,11
460,250,214,330,1,0,0,0,11
455,250,214,330,1,0,0,0,11
450,250,214,330,1,0,0,0,11
445,250,214,330,1,0,0,0,11
440,250,214,330,1,0,0,0,11
435,250,214,330,1,0,0,0,11
430,250,214,330,1,0,0,0,11
425,250,214,330,1,0,0,0,11
420,250,214,330,1,0,0,0,11
415,250,214,330,1,0,0,0,11
410,250,214,330,1,0,0,0,11
405,250,214,330,1,0,0,0,11
400,250,214,330,1,0,0,0,11
395,250,214,330,1,0,0,0,11
390,250,214,330,1,0,0,0,11
385,250,214,330,1,0,0,0,11
380,250,214,330,1,0,0,0,11
375,250,214,330,1,0,0,0,11
370,250,214,330,1,0,0,0,11
365,250,214,330,1,0,0,0,11
360,250,214,330,1,0,0,0,11
355,250,214,330,1,0,0,0,11
350,250,214,330,1,0,0,0,11
345,255,214,330,1,0,0,1,11
340,260,214,330,1,0,0,1,11
335,265,214,330,1,0,0,1,11
330,270,214,330,1,0,0,1,11
325,275,214,330,1,0,0,1,11
320,280,214,330,1,0,0,1,11
315,285,214,330,1,0,0,1,11
310,285,214,330,1,0,0,0,11
305,285,214,330,1,0,0,0,11
300,285,214,330,1,0,0,0,11
295,285,214,330,1,0,0,0,11
290,285,214,330,1,0,0,0,11
285,285,214,330,1,0,0,0,11
280,285,214,330,1,0,0,0,11
275,285,214,330,1,0,0,0,11
270,285,214,330,1,0,0,0,11
265,285,214,330,1,0,0,0,11
260,285,214,330,1,0,0,0,11
255,285,214,330,1,0,0,0,11
250,285,214,330,1,0,0,0,11
245,285,214,330,1,0,0,0,11
240,285,214,330,1,0,0,0,11
235,285,493,156,1,0,0,0,12
230,285,493,156,1,0,0,0,12
225,285,493,156,1,0,0,0,12
220,285,493,156,1,0,0,0,12
215,285,493,156,1,0,0,0,12
210,285,493,156,1,0,0,0,12
205,285,493,156,1,0,0,0,12
200,285,493,156,1,0,0,0,12
200,285,493,156,1,1,0,0,12
200,285,493,156,1,1,0,0,12
200,285,493,156,1,1,0,0,12
200,285,493,156,1,1,0,0,12
200,285,493,156,1,1,0,0,12
205,285,493,156,0,1,0,0,12
210,285,493,156,0,1,0,0,12
215,285,493,156,0,1,0,0,12
220,285,493,156,0,1,0,0,12
225,285,493,156,0,1,0,0,12
230,285,493,156,0,1,0,0,12
235,285,493,156,0,1,0,0,12
240,285,493,156,0,1,0,0,12
245,285,493,156,0,1,0,0,12
250,285,493,156,0,1,0,0,12
255,285,493,156,0,1,0,0,12
260,285,493,156,0,1,0,0,12
265,285,493,156,0,1,0,0,12
270,285,493,156,0,1,0,0,12
275,285,493,156,0,1,0,0,12
280,280,493,156,0,1,1,0,12
285,275,493,156,0,1,1,0,12
290,270,493,156,0,1,1,0,12
295,265,493,156,0,1,1,0,12
300,260,493,156,0,1,1,0,12
305,255,493,156,0,1,1,0,12
310,250,493,156,0,1,1,0,12
315,245,493,156,0,1,1,0,12
320,240,493,156,0,1,1,0,12
325,235,493,156,0,1,1,0,12
330,230,493,156,0,1,1,0,12
335,225,493,156,0,1,1,0,12
340,220,493,156,0,1,1,0,12
345,215,493,156,0,1,1,0,12
350,210,493,156,0,1,1,0,12
355,205,493,156,0,1,1,0,12
360,205,493,156,0,1,0,0,12
365,205,493,156,0,1,0,0,12
370,205,493,156,0,1,0,0,12
375,205,493,156,0,1,0,0,12
380,205,493,156,0,1,0,0,12
385,205,493,156,0,1,0,0,12
390,205,493,156,0,1,0,0,12
395,205,493,156,0,1,0,0,12
400,205,493,156,0,1,0,0,12
405,205,493,156,0,1,0,0,12
410,205,493,156,0,1,0,0,12
415,205,493,156,0,1,0,0,12
420,205,493,156,0,1,0,0,12
425,205,493,156,0,1,0,0,12
430,205,493,156,0,1,0,0,12
435,205,493,156,0,1,0,0,12
440,205,493,156,0,1,0,0,12
445,205,493,156,0,1,0,0,12
450,200,493,156,0,1,1,0,12
455,195,493,156,0,1,1,0,12
460,190,493,156,0,1,1,0,12
465,185,493,156,0,1,1,0,12
470,180,493,156,0,1,1,0,12
475,175,258,78,0,1,1,0,13
475,170,258,78,0,0,1,0,13
475,165,258,78,0,0,1,0,13
475,160,258,78,0,0,1,0,13
470,155,258,78,1,0,1,0,13
465,150,258,78,1,0,1,0,13
460,145,258,78,1,0,1,0,13
455,140,258,78,1,0,1,0,13
450,135,258,78,1,0,1,0,13
445,135,258,78,1,0,0,0,13
440,135,258,78,1,0,0,0,13
435,135,258,78,1,0,0,0,13
430,135,258,78,1,0,0,0,13
425,135,258,78,1,0,0,0,13
420,135,258,78,1,0,0,0,13
415,135,258,78,1,0,0,0,13
410,135,258,78,1,0,0,0,13
405,135,258,78,1,0,0,0,13
400,135,258,78,1,0,0,0,13
395,135,258,78,1,0,0,0,13
390,135,258,78,1,0,0,0,13
385,135,258,78,1,0,0,0,13
380,135,258,78,1,0,0,0,13
375,135,258,78,1,0,0,0,13
370,135,258,78,1,0,0,0,13
365,135,258,78,1,0,0,0,13
360,135,258,78,1,0,0,0,13
355,135,258,78,1,0,0,0,13
350,135,258,78,1,0,0,0,13
345,135,258,78,1,0,0,0,13
340,135,258,78,1,0,0,0,13
335,135,258,78,1,0,0,0,13
330,135,258,78,1,0,0,0,13
325,135,258,78,1,0,0,0,13
320,135,258,78,1,0,0,0,13
315,135,258,78,1,0,0,0,13
310,135,258,78,1,0,0,0,13
305,135,258,78,1,0,0,0,13
300,135,258,78,1,0,0,0,13
295,135,258,78,1,0,0,0,13
290,135,258,78,1,0,0,0,13
285,135,258,78,1,0,0,0,13
280,135,258,78,1,0,0,0,13
275,135,258,78,1,0,0,0,13
270,135,258,78,1,0,0,0,13
265,135,258,78,1,0,0,0,13
260,135,258,78,1,0,0,0,13
255,135,258,78,1,0,0,0,13
250,135,258,78,1,0,0,0,13
245,135,258,78,1,0,0,0,13
240,135,258,78,1,0,0,0,13
235,135,258,78,1,0,0,0,13
230,135,258,78,1,0,0,0,13
225,135,258,78,1,0,0,0,13
220,130,258,78,1,0,1,0,13
215,125,258,78,1,0,1,0,13
210,120,258,78,1,0,1,0,13
205,115,258,78,1,0,1,0,13
200,110,258,78,1,0,1,0,13
195,105,258,78,1,0,1,0,13
190,100,258,78,1,0,1,0,13
195,95,415,148,0,1,1,0,14
200,90,415,148,0,1,1,0,14
205,85,415,148,0,1,1,0,14
210,80,415,148,0,1,1,0,14
215,80,415,148,0,1,0,0,14
220,80,415,148,0,1,0,0,14
225,80,415,148,0,1,0,0,14
230,80,415,148,0,1,0,0,14
235,80,415,148,0,1,0,0,14
240,80,415,148,0,1,0,0,14
245,80,415,148,0,1,0,0,14
250,80,415,148,0,1,0,0,14
255,80,415,148,0,1,0,0,14
260,80,415,148,0,1,0,0,14
265,80,415,148,0,1,0,0,14
270,80,415,148,0,1,0,0,14
275,80,415,148,0,1,0,0,14
280,80,415,148,0,1,0,0,14
285,80,415,148,0,1,0,0,14
290,80,415,148,0,1,0,0,14
295,80,415,148,0,1,0,0,14
300,80,415,148,0,1,0,0,14
305,80,415,148,0,1,0,0,14
310,80,415,148,0,1,0,0,14
315,80,415,148,0,1,0,0,14
320,80,415,148,0,1,0,0,14
325,80,415,148,0,1,0,0,14
330,80,415,148,0,1,0,0,14
335,80,415,148,0,1,0,0,14
340,80,415,148,0,1,0,0,14
345,80,789,225,0,1,0,0,15
350,80,789,225,0,1,0,0,15
355,80,789,225,0,1,0,0,15
360,80,789,225,0,1,0,0,15
365,80,789,225,0,1,0,0,15
370,80,789,225,0,1,0,0,15
375,85,789,225,0,1,0,1,15
380,90,789,225,0,1,0,1,15
385,95,789,225,0,1,0,1,15
390,100,789,225,0,1,0,1,15
390,105,789,225,0,0,0,1,15
390,110,789,225,0,0,0,1,15
390,115,789,225,0,0,0,1,15
390,120,789,225,0,0,0,1,15
390,125,789,225,0,0,0,1,15
390,130,789,225,0,0,0,1,15
390,135,789,225,0,0,0,1,15
390,140,789,225,0,0,0,1,15
390,145,789,225,0,0,0,1,15
390,150,789,225,0,0,0,1,15
390,155,789,225,0,0,0,1,15
390,160,789,225,0,0,0,1,15
390,165,789,225,0,0,0,1,15
390,170,789,225,0,0,0,1,15
390,175,789,225,0,0,0,1,15
395,180,789,225,0,1,0,1,15
400,185,789,225,0,1,0,1,15
405,185,789,225,0,1,0,0,15
410,185,789,225,0,1,0,0,15
415,185,789,225,0,1,0,0,15
420,185,789,225,0,1,0,0,15
425,185,789,225,0,1,0,0,15
430,185,789,225,0,1,0,0,15
435,185,789,225,0,1,0,0,15
440,185,789,225,0,1,0,0,15
445,185,789,225,0,1,0,0,15
450,185,789,225,0,1,0,0,15
455,185,789,225,0,1,0,0,15
460,185,789,225,0,1,0,0,15
465,185,789,225,0,1,0,0,15
470,185,789,225,0,1,0,0,15
475,185,789,225,0,1,0,0,15
480,185,789,225,0,1,0,0,15
485,185,789,225,0,1,0,0,15
490,185,789,225,0,1,0,0,15
495,185,789,225,0,1,0,0,15
500,185,789,225,0,1,0,0,15
505,185,789,225,0,1,0,0,15
510,185,789,225,0,1,0,0,15
515,185,789,225,0,1,0,0,15
520,185,789,225,0,1,0,0,15
525,185,789,225,0,1,0,0,15
530,185,789,225,0,1,0,0,15
535,185,789,225,0,1,0,0,15
540,185,789,225,0,1,0,0,15
545,185,789,225,0,1,0,0,15
550,185,789,225,0,1,0,0,15
555,185,789,225,0,1,0,0,15
560,185,789,225,0,1,0,0,15
565,185,789,225,0,1,0,0,15
570,185,789,225,0,1,0,0,15
575,185,789,225,0,1,0,0,15
580,185,789,225,0,1,0,0,15
585,185,789,225,0,1,0,0,15
590,185,789,225,0,1,0,0,15
595,185,789,225,0,1,0,0,15
600,185,789,225,0,1,0,0,15
605,185,789,225,0,1,0,0,15
610,185,789,225,0,1,0,0,15
615,185,789,225,0,1,0,0,15
620,185,789,225,0,1,0,0,15
625,185,789,225,0,1,0,0,15
630,185,789,225,0,1,0,0,15
635,185,789,225,0,1,0,0,15
640,185,789,225,0,1,0,0,15
645,185,789,225,0,1,0,0,15
650,185,789,225,0,1,0,0,15
655,185,789,225,0,1,0,0,15
660,185,789,225,0,1,0,0,15
665,185,789,225,0,1,0,0,15
670,185,789,225,0,1,0,0,15
675,185,789,225,0,1,0,0,15
680,185,789,225,0,1,0,0,15
685,185,789,225,0,1,0,0,15
690,185,789,225,0,1,0,0,15
695,185,789,225,0,1,0,0,15
700,185,789,225,0,1,0,0,15
705,185,789,225,0,1,0,0,15
710,185,789,225,0,1,0,0,15
715,185,789,225,0,1,0,0,15
720,185,344,358,0,1,0,0,16
725,185,344,358,0,1,0,0,16
730,190,344,358,0,1,0,1,16
735,195,344,358,0,1,0,1,16
740,200,344,358,0,1,0,1,16
745,205,344,358,0,1,0,1,16
745,210,344,358,0,0,0,1,16
745,215,344,358,0,0,0,1,16
745,220,344,358,0,0,0,1,16
745,225,344,358,0,0,0,1,16
745,230,344,358,0,0,0,1,16
745,235,344,358,0,0,0,1,16
740,240,344,358,1,0,0,1,16
735,245,344,358,1,0,0,1,16
730,245,344,358,1,0,0,0,16
725,245,344,358,1,0,0,0,16
720,245,344,358,1,0,0,0,16
715,245,344,358,1,0,0,0,16
710,245,344,358,1,0,0,0,16
705,245,344,358,1,0,0,0,16
700,245,344,358,1,0,0,0,16
695,245,344,358,1,0,0,0,16
690,245,344,358,1,0,0,0,16
685,245,344,358,1,0,0,0,16
680,245,344,358,1,0,0,0,16
675,245,344,358,1,0,0,0,16
670,245,344,358,1,0,0,0,16
665,245,344,358,1,0,0,0,16
660,245,344,358,1,0,0,0,16
655,245,344,358,1,0,0,0,16
650,245,344,358,1,0,0,0,16
645,245,344,358,1,0,0,0,16
640,245,344,358,1,0,0,0,16
635,245,344,358,1,0,0,0,16
630,245,344,358,1,0,0,0,16
625,245,344,358,1,0,0,0,16
620,245,344,358,1,0,0,0,16
615,245,344,358,1,0,0,0,16
610,245,344,358,1,0,0,0,16
605,245,344,358,1,0,0,0,16
600,245,344,358,1,0,0,0,16
595,245,344,358,1,0,0,0,16
590,245,344,358,1,0,0,0,16
585,245,344,358,1,0,0,0,16
580,245,344,358,1,0,0,0,16
575,245,344,358,1,0,0,0,16
570,245,344,358,1,0,0,0,16
565,245,344,358,1,0,0,0,16
560,245,344,358,1,0,0,0,16
555,245,344,358,1,0,0,0,16
550,245,344,358,1,0,0,0,16
545,245,344,358,1,0,0,0,16
540,245,344,358,1,0,0,0,16
535,245,344,358,1,0,0,0,16
530,245,344,358,1,0,0,0,16
525,245,344,358,1,0,0,0,16
520,245,344,358,1,0,0,0,16
515,245,344,358,1,0,0,0,16
510,245,344,358,1,0,0,0,16
505,245,344,358,1,0,0,0,16
500,245,344,358,1,0,0,0,16
495,245,344,358,1,0,0,0,16
490,245,344,358,1,0,0,0,16
485,245,344,358,1,0,0,0,16
480,245,344,358,1,0,0,0,16
475,245,344,358,1,0,0,0,16
470,245,344,358,1,0,0,0,16
465,245,344,358,1,0,0,0,16
460,245,344,358,1,0,0,0,16
455,245,344,358,1,0,0,0,16
450,245,344,358,1,0,0,0,16
445,245,344,358,1,0,0,0,16
440,245,344,358,1,0,0,0,16
435,245,344,358,1,0,0,0,16
430,245,344,358,1,0,0,0,16
425,245,344,358,1,0,0,0,16
420,245,344,358,1,0,0,0,16
415,245,344,358,1,0,0,0,16
410,245,344,358,1,0,0,0,16
405,245,344,358,1,0,0,0,16
400,245,344,358,1,0,0,0,16
395,245,344,358,1,0,0,0,16
390,250,344,358,1,0,0,1,16
385,255,344,358,1,0,0,1,16
380,260,344,358,1,0,0,1,16
375,265,344,358,1,0,0,1,16
370,270,344,358,1,0,0,1,16
365,275,344,358,1,0,0,1,16
360,280,344,358,1,0,0,1,16
355,285,344,358,1,0,0,1,16
350,290,791,386,1,0,0,1,17
345,295,791,386,1,0,0,1,17
340,300,791,386,1,0,0,1,17
335,305,791,386,1,0,0,1,17
330,310,791,386,1,0,0,1,17
325,315,791,386,1,0,0,1,17
320,320,791,386,1,0,0,1,17
315,325,791,386,1,0,0,1,17
310,330,791,386,1,0,0,1,17
305,335,791,386,1,0,0,1,17
300,340,791,386,1,0,0,1,17
295,345,791,386,1,0,0,1,17
290,350,791,386,1,0,0,1,17
285,350,791,386,1,0,0,0,17
280,350,791,386,1,0,0,0,17
275,350,791,386,1,0,0,0,17
270,350,791,386,1,0,0,0,17
265,350,791,386,1,0,0,0,17
260,350,791,386,1,0,0,0,17
255,350,791,386,1,0,0,0,17
255,350,791,386,1,1,0,0,17
255,350,791,386,1,1,0,0,17
255,350,791,386,1,1,0,0,17
255,350,791,386,1,1,0,0,17
260,350,791,386,0,1,0,0,17
265,350,791,386,0,1,0,0,17
270,350,791,386,0,1,0,0,17
275,350,791,386,0,1,0,0,17
280,350,791,386,0,1,0,0,17
285,350,791,386,0,1,0,0,17
290,350,791,386,0,1,0,0,17
295,350,791,386,0,1,0,0,17
300,350,791,386,0,1,0,0,17
305,350,791,386,0,1,0,0,17
310,350,791,386,0,1,0,0,17
315,350,791,386,0,1,0,0,17
320,350,791,386,0,1,0,0,17
325,350,791,386,0,1,0,0,17
330,350,791,386,0,1,0,0,17
335,350,791,386,0,1,0,0,17
340,350,791,386,0,1,0,0,17
345,350,791,386,0,1,0,0,17
350,350,791,386,0,1,0,0,17
355,350,791,386,0,1,0,0,17
360,350,791,386,0,1,0,0,17
365,350,791,386,0,1,0,0,17
370,350,791,386,0,1,0,0,17
375,350,791,386,0,1,0,0,17
380,350,791,386,0,1,0,0,17
385,350,791,386,0,1,0,0,17
390,350,791,386,0,1,0,0,17
395,350,791,386,0,1,0,0,17
400,350,791,386,0,1,0,0,17
405,350,791,386,0,1,0,0,17
410,350,791,386,0,1,0,0,17
415,350,791,386,0,1,0,0,17
420,350,791,386,0,1,0,0,17
425,350,791,386,0,1,0,0,17
430,350,791,386,0,1,0,0,17
435,350,791,386,0,1,0,0,17
440,350,791,386,0,1,0,0,17
445,350,791,386,0,1,0,0,17
450,350,791,386,0,1,0,0,17
455,350,791,386,0,1,0,0,17
460,350,791,386,0,1,0,0,17
465,350,791,386,0,1,0,0,17
470,350,791,386,0,1,0,0,17
475,350,791,386,0,1,0,0,17
480,350,791,386,0,1,0,0,17
485,350,791,386,0,1,0,0,17
490,350,791,386,0,1,0,0,17
495,350,791,386,0,1,0,0,17
500,350,791,386,0,1,0,0,17
505,350,791,386,0,1,0,0,17
510,350,791,386,0,1,0,0,17
515,350,791,386,0,1,0,0,17
520,350,791,386,0,1,0,0,17
525,350,791,386,0,1,0,0,17
530,350,791,386,0,1,0,0,17
535,350,791,386,0,1,0,0,17
540,350,791,386,0,1,0,0,17
545,350,791,386,0,1,0,0,17
550,350,791,386,0,1,0,0,17
555,350,791,386,0,1,0,0,17
560,350,791,386,0,1,0,0,17
565,350,791,386,0,1,0,0,17
570,350,791,386,0,1,0,0,17
575,350,791,386,0,1,0,0,17
580,350,791,386,0,1,0,0,17
585,350,791,386,0,1,0,0,17
590,350,791,386,0,1,0,0,17
595,350,791,386,0,1,0,0,17
600,350,791,386,0,1,0,0,17
605,350,791,386,0,1,0,0,17
610,350,791,386,0,1,0,0,17
615,350,791,386,0,1,0,0,17
620,350,791,386,0,1,0,0,17
625,350,791,386,0,1,0,0,17
630,350,791,386,0,1,0,0,17
635,350,791,386,0,1,0,0,17
640,350,791,386,0,1,0,0,17
645,350,791,386,0,1,0,0,17
650,350,791,386,0,1,0,0,17
655,350,791,386,0,1,0,0,17
660,350,791,386,0,1,0,0,17
665,350,791,386,0,1,0,0,17
670,350,791,386,0,1,0,0,17
675,350,791,386,0,1,0,0,17
680,350,791,386,0,1,0,0,17
685,350,791,386,0,1,0,0,17
690,350,791,386,0,1,0,0,17
695,350,791,386,0,1,0,0,17
700,350,791,386,0,1,0,0,17
705,350,791,386,0,1,0,0,17
710,350,791,386,0,1,0,0,17
715,350,791,386,0,1,0,0,17
720,350,73,295,0,1,0,0,18
725,350,73,295,0,1,0,0,18
730,350,73,295,0,1,0,0,18
735,350,73,295,0,1,0,0,18
735,350,73,295,1,1,0,0,18
735,350,73,295,1,1,0,0,18
730,350,73,295,1,0,0,0,18
725,350,73,295,1,0,0,0,18
720,350,73,295,1,0,0,0,18
715,350,73,295,1,0,0,0,18
710,350,73,295,1,0,0,0,18
705,350,73,295,1,0,0,0,18
700,350,73,295,1,0,0,0,18
695,350,73,295,1,0,0,0,18
690,350,73,295,1,0,0,0,18
685,350,73,295,1,0,0,0,18
680,350,73,295,1,0,0,0,18
675,350,73,295,1,0,0,0,18
670,350,73,295,1,0,0,0,18
665,350,73,295,1,0,0,0,18
660,350,73,295,1,0,0,0,18
655,350,73,295,1,0,0,0,18
650,350,73,295,1,0,0,0,18
645,350,73,295,1,0,0,0,18
640,350,73,295,1,0,0,0,18
635,350,73,295,1,0,0,0,18
630,350,73,295,1,0,0,0,18
625,350,73,295,1,0,0,0,18
620,350,73,295,1,0,0,0,18
615,350,73,295,1,0,0,0,18
610,350,73,295,1,0,0,0,18
605,350,73,295,1,0,0,0,18
600,350,73,295,1,0,0,0,18
595,350,73,295,1,0,0,0,18
590,350,73,295,1,0,0,0,18
585,350,73,295,1,0,0,0,18
580,350,73,295,1,0,0,0,18
575,350,73,295,1,0,0,0,18
570,350,73,295,1,0,0,0,18
565,350,73,295,1,0,0,0,18
560,350,73,295,1,0,0,0,18
555,350,73,295,1,0,0,0,18
550,350,73,295,1,0,0,0,18
545,350,73,295,1,0,0,0,18
540,350,73,295,1,0,0,0,18
535,350,73,295,1,0,0,0,18
530,350,73,295,1,0,0,0,18
525,350,73,295,1,0,0,0,18
520,350,73,295,1,0,0,0,18
515,350,73,295,1,0,0,0,18
510,350,73,295,1,0,0,0,18
505,350,73,295,1,0,0,0,18
500,350,73,295,1,0,0,0,18
495,350,73,295,1,0,0,0,18
490,350,73,295,1,0,0,0,18
485,350,73,295,1,0,0,0,18
480,350,73,295,1,0,0,0,18
475,350,73,295,1,0,0,0,18
470,350,73,295,1,0,0,0,18
465,350,73,295,1,0,0,0,18
460,350,73,295,1,0,0,0,18
455,350,73,295,1,0,0,0,18
450,350,73,295,1,0,0,0,18
445,350,73,295,1,0,0,0,18
440,350,73,295,1,0,0,0,18
435,350,73,295,1,0,0,0,18
430,350,73,295,1,0,0,0,18
425,350,73,295,1,0,0,0,18
420,350,73,295,1,0,0,0,18
415,350,73,295,1,0,0,0,18
410,350,73,295,1,0,0,0,18
405,350,73,295,1,0,0,0,18
400,350,73,295,1,0,0,0,18
395,350,73,295,1,0,0,0,18
390,350,73,295,1,0,0,0,18
385,350,73,295,1,0,0,0,18
380,350,73,295,1,0,0,0,18
375,350,73,295,1,0,0,0,18
370,350,73,295,1,0,0,0,18
365,350,73,295,1,0,0,0,18
360,350,73,295,1,0,0,0,18
355,350,73,295,1,0,0,0,18
350,350,73,295,1,0,0,0,18
345,350,73,295,1,0,0,0,18
340,350,73,295,1,0,0,0,18
335,350,73,295,1,0,0,0,18
330,350,73,295,1,0,0,0,18
325,350,73,295,1,0,0,0,18
320,350,73,295,1,0,0,0,18
315,350,73,295,1,0,0,0,18
310,350,73,295,1,0,0,0,18
305,350,73,295,1,0,0,0,18
300,350,73,295,1,0,0,0,18
295,350,73,295,1,0,0,0,18
290,350,73,295,1,0,0,0,18
285,350,73,295,1,0,0,0,18
280,350,73,295,1,0,0,0,18
275,350,73,295,1,0,0,0,18
270,350,73,295,1,0,0,0,18
265,350,73,295,1,0,0,0,18
260,350,73,295,1,0,0,0,18
255,350,73,295,1,0,0,0,18
250,350,73,295,1,0,0,0,18
245,350,73,295,1,0,0,0,18
240,350,73,295,1,0,0,0,18
235,350,73,295,1,0,0,0,18
230,350,73,295,1,0,0,0,18
225,350,73,295,1,0,0,0,18
220,350,73,295,1,0,0,0,18
215,350,73,295,1,0,0,0,18
210,350,73,295,1,0,0,0,18
205,350,73,295,1,0,0,0,18
200,350,73,295,1,0,0,0,18
195,350,73,295,1,0,0,0,18
190,350,73,295,1,0,0,0,18
185,350,73,295,1,0,0,0,18
180,350,73,295,1,0,0,0,18
175,350,73,295,1,0,0,0,18
170,350,73,295,1,0,0,0,18
165,350,73,295,1,0,0,0,18
160,350,73,295,1,0,0,0,18
155,350,73,295,1,0,0,0,18
150,350,73,295,1,0,0,0,18
145,350,73,295,1,0,0,0,18
140,350,73,295,1,0,0,0,18
135,350,73,295,1,0,0,0,18
130,350,73,295,1,0,0,0,18
125,350,73,295,1,0,0,0,18
120,345,73,295,1,0,1,0,18
115,340,73,295,1,0,1,0,18
110,335,73,295,1,0,1,0,18
105,330,73,295,1,0,1,0,18
100,325,73,295,1,0,1,0,18
95,320,73,295,1,0,1,0,18
90,315,221,212,1,0,1,0,19
85,310,221,212,1,0,1,0,19
80,305,221,212,1,0,1,0,19
75,300,221,212,1,0,1,0,19
70,295,221,212,1,0,1,0,19
65,290,221,212,1,0,1,0,19
60,285,221,212,1,0,1,0,19
55,280,221,212,1,0,1,0,19
50,275,221,212,1,0,1,0,19
45,270,221,212,1,0,1,0,19
40,265,221,212,1,0,1,0,19
35,260,221,212,1,0,1,0,19
35,255,221,212,1,1,1,0,19
35,250,221,212,1,1,1,0,19
35,245,221,212,1,1,1,0,19
35,245,221,212,1,1,0,0,19
35,245,221,212,1,1,0,0,19
35,245,221,212,1,1,0,0,19
40,245,221,212,0,1,0,0,19
45,245,221,212,0,1,0,0,19
50,245,221,212,0,1,0,0,19
55,245,221,212,0,1,0,0,19
60,245,221,212,0,1,0,0,19
65,245,221,212,0,1,0,0,19
70,245,221,212,0,1,0,0,19
75,245,221,212,0,1,0,0,19
80,245,221,212,0,1,0,0,19
85,245,221,212,0,1,0,0,19
90,245,221,212,0,1,0,0,19
95,245,221,212,0,1,0,0,19
100,245,221,212,0,1,0,0,19
105,245,221,212,0,1,0,0,19
110,245,221,212,0,1,0,0,19
115,245,221,212,0,1,0,0,19
120,245,221,212,0,1,0,0,19
125,245,221,212,0,1,0,0,19
130,245,221,212,0,1,0,0,19
135,245,221,212,0,1,0,0,19
140,245,221,212,0,1,0,0,19
145,245,221,212,0,1,0,0,19
150,245,221,212,0,1,0,0,19
155,245,221,212,0,1,0,0,19
160,245,221,212,0,1,0,0,19
165,245,221,212,0,1,0,0,19
170,245,221,212,0,1,0,0,19
175,245,221,212,0,1,0,0,19
180,245,221,212,0,1,0,0,19
185,240,221,212,0,1,1,0,19
190,235,221,212,0,1,1,0,19
195,230,666,330,0,1,1,0,20
200,225,666,330,0,1,1,0,20
205,220,666,330,0,1,1,0,20
210,215,666,330,0,1,1,0,20
215,210,666,330,0,1,1,0,20
220,205,666,330,0,1,1,0,20
225,200,666,330,0,1,1,0,20
225,195,666,330,0,0,1,0,20
225,190,666,330,0,0,1,0,20
225,185,666,330,0,0,1,0,20
225,180,666,330,0,0,1,0,20
225,175,666,330,0,0,1,0,20
225,170,666,330,0,0,1,0,20
225,165,666,330,0,0,1,0,20
225,160,666,330,0,0,1,0,20
225,155,666,330,0,0,1,0,20
225,150,666,330,0,0,1,0,20
230,145,666,330,0,1,1,0,20
235,140,666,330,0,1,1,0,20
240,140,666,330,0,1,0,0,20
245,140,666,330,0,1,0,0,20
250,140,666,330,0,1,0,0,20
255,140,666,330,0,1,0,0,20
260,140,666,330,0,1,0,0,20
265,140,666,330,0,1,0,0,20
270,140,666,330,0,1,0,0,20
275,140,666,330,0,1,0,0,20
280,140,666,330,0,1,0,0,20
285,140,666,330,0,1,0,0,20
290,140,666,330,0,1,0,0,20
295,140,666,330,0,1,0,0,20
300,140,666,330,0,1,0,0,20
305,140,666,330,0,1,0,0,20
310,140,666,330,0,1,0,0,20
315,140,666,330,0,1,0,0,20
320,140,666,330,0,1,0,0,20
325,140,666,330,0,1,0,0,20
330,140,666,330,0,1,0,0,20
335,140,666,330,0,1,0,0,20
340,140,666,330,0,1,0,0,20
345,140,666,330,0,1,0,0,20
350,140,666,330,0,1,0,0,20
355,140,666,330,0,1,0,0,20
360,140,666,330,0,1,0,0,20
365,140,666,330,0,1,0,0,20
370,140,666,330,0,1,0,0,20
375,140,666,330,0,1,0,0,20
380,140,666,330,0,1,0,0,20
385,140,666,330,0,1,0,0,20
390,140,666,330,0,1,0,0,20
395,140,666,330,0,1,0,0,20
400,140,666,330,0,1,0,0,20
405,140,666,330,0,1,0,0,20
410,140,666,330,0,1,0,0,20
415,140,666,330,0,1,0,0,20
420,140,666,330,0,1,0,0,20
425,140,666,330,0,1,0,0,20
430,140,666,330,0,1,0,0,20
435,140,666,330,0,1,0,0,20
440,140,666,330,0,1,0,0,20
445,140,666,330,0,1,0,0,20
450,140,666,330,0,1,0,0,20
455,140,666,330,0,1,0,0,20
460,140,666,330,0,1,0,0,20
465,140,666,330,0,1,0,0,20
470,140,666,330,0,1,0,0,20
475,140,666,330,0,1,0,0,20
480,140,666,330,0,1,0,0,20
485,140,666,330,0,1,0,0,20
490,140,666,330,0,1,0,0,20
495,140,666,330,0,1,0,0,20
500,140,666,330,0,1,0,0,20
505,140,666,330,0,1,0,0,20
510,140,666,330,0,1,0,0,20
515,140,666,330,0,1,0,0,20
520,140,666,330,0,1,0,0,20
525,145,666,330,0,1,0,1,20
530,150,666,330,0,1,0,1,20
535,155,666,330,0,1,0,1,20
540,160,666,330,0,1,0,1,20
545,165,666,330,0,1,0,1,20
550,170,666,330,0,1,0,1,20
555,175,666,330,0,1,0,1,20
560,180,666,330,0,1,0,1,20
565,185,666,330,0,1,0,1,20
570,190,666,330,0,1,0,1,20
570,195,666,330,0,0,0,1,20
570,200,666,330,0,0,0,1,20
570,205,666,330,0,0,0,1,20
570,210,666,330,0,0,0,1,20
570,215,666,330,0,0,0,1,20
570,220,666,330,0,0,0,1,20
570,225,666,330,0,0,0,1,20
570,230,666,330,0,0,0,1,20
570,235,666,330,0,0,0,1,20
575,240,666,330,0,1,0,1,20
580,245,666,330,0,1,0,1,20
585,250,666,330,0,1,0,1,20
590,255,666,330,0,1,0,1,20
595,260,749,397,0,1,0,1,21
600,265,749,397,0,1,0,1,21
605,270,749,397,0,1,0,1,21
610,275,749,397,0,1,0,1,21
610,280,749,397,0,0,0,1,21
610,285,749,397,0,0,0,1,21
610,290,749,397,0,0,0,1,21
610,295,749,397,0,0,0,1,21
610,300,749,397,0,0,0,1,21
610,305,749,397,0,0,0,1,21
610,310,749,397,0,0,0,1,21
610,315,749,397,0,0,0,1,21
610,320,749,397,0,0,0,1,21
610,325,749,397,0,0,0,1,21
610,330,749,397,0,0,0,1,21
610,335,749,397,0,0,0,1,21
610,340,749,397,0,0,0,1,21
610,345,749,397,0,0,0,1,21
610,350,749,397,0,0,0,1,21
610,355,749,397,0,0,0,1,21
610,360,749,397,0,0,0,1,21
615,365,749,397,0,1,0,1,21
620,370,749,397,0,1,0,1,21
625,375,749,397,0,1,0,1,21
630,380,749,397,0,1,0,1,21
635,385,749,397,0,1,0,1,21
640,390,749,397,0,1,0,1,21
645,390,749,397,0,1,0,0,21
650,390,749,397,0,1,0,0,21
655,390,749,397,0,1,0,0,21
660,390,749,397,0,1,0,0,21
665,390,749,397,0,1,0,0,21
670,390,749,397,0,1,0,0,21
675,390,749,397,0,1,0,0,21
680,390,437,99,0,1,0,0,22
685,390,437,99,0,1,0,0,22
690,390,437,99,0,1,0,0,22
695,390,437,99,0,1,0,0,22
700,390,437,99,0,1,0,0,22
705,390,437,99,0,1,0,0,22
710,390,437,99,0,1,0,0,22
715,390,437,99,0,1,0,0,22
720,390,437,99,0,1,0,0,22
725,390,437,99,0,1,0,0,22
730,390,437,99,0,1,0,0,22
735,390,437,99,0,1,0,0,22
740,390,437,99,0,1,0,0,22
745,390,437,99,0,1,0,0,22
750,390,437,99,0,1,0,0,22
755,390,437,99,0,1,0,0,22
760,390,437,99,0,1,0,0,22
760,390,437,99,1,1,0,0,22
760,390,437,99,1,1,0,0,22
760,390,437,99,1,1,0,0,22
760,390,437,99,1,1,0,0,22
760,390,437,99,1,1,0,0,22
755,390,437,99,1,0,0,0,22
750,390,437,99,1,0,0,0,22
745,390,437,99,1,0,0,0,22
740,390,437,99,1,0,0,0,22
735,390,437,99,1,0,0,0,22
730,390,437,99,1,0,0,0,22
725,390,437,99,1,0,0,0,22
720,390,437,99,1,0,0,0,22
715,390,437,99,1,0,0,0,22
710,390,437,99,1,0,0,0,22
705,385,437,99,1,0,1,0,22
700,380,437,99,1,0,1,0,22
695,375,437,99,1,0,1,0,22
690,370,437,99,1,0,1,0,22
685,365,437,99,1,0,1,0,22
680,360,437,99,1,0,1,0,22
675,355,437,99,1,0,1,0,22
670,350,437,99,1,0,1,0,22
665,345,437,99,1,0,1,0,22
660,340,437,99,1,0,1,0,22
655,335,437,99,1,0,1,0,22
650,330,437,99,1,0,1,0,22
645,325,437,99,1,0,1,0,22
640,320,437,99,1,0,1,0,22
635,315,437,99,1,0,1,0,22
630,310,437,99,1,0,1,0,22
625,305,437,99,1,0,1,0,22
620,300,437,99,1,0,1,0,22
615,295,437,99,1,0,1,0,22
610,290,437,99,1,0,1,0,22
605,285,437,99,1,0,1,0,22
600,280,437,99,1,0,1,0,22
595,275,437,99,1,0,1,0,22
590,270,437,99,1,0,1,0,22
585,265,437,99,1,0,1,0,22
580,260,437,99,1,0,1,0,22
575,255,437,99,1,0,1,0,22
570,250,437,99,1,0,1,0,22
565,245,437,99,1,0,1,0,22
560,240,437,99,1,0,1,0,22
555,235,437,99,1,0,1,0,22
550,230,437,99,1,0,1,0,22
545,225,437,99,1,0,1,0,22
540,220,437,99,1,0,1,0,22
535,215,437,99,1,0,1,0,22
530,210,437,99,1,0,1,0,22
525,205,437,99,1,0,1,0,22
520,200,437,99,1,0,1,0,22
515,195,437,99,1,0,1,0,22
510,190,437,99,1,0,1,0,22
505,185,437,99,1,0,1,0,22
500,180,437,99,1,0,1,0,22
495,175,437,99,1,0,1,0,22
490,170,437,99,1,0,1,0,22
485,165,437,99,1,0,1,0,22
480,160,437,99,1,0,1,0,22
475,155,437,99,1,0,1,0,22
470,150,437,99,1,0,1,0,22
465,145,437,99,1,0,1,0,22
460,140,437,99,1,0,1,0,22
455,135,437,99,1,0,1,0,22
450,130,437,99,1,0,1,0,22
445,130,437,99,1,0,0,0,22
440,130,437,99,1,0,0,0,22
435,130,437,99,1,0,0,0,22
430,130,437,99,1,0,0,0,22
425,130,437,99,1,0,0,0,22
420,130,437,99,1,0,0,0,22
415,130,437,99,1,0,0,0,22
410,130,437,99,1,0,0,0,22
405,130,437,99,1,0,0,0,22
400,130,437,99,1,0,0,0,22
395,130,437,99,1,0,0,0,22
390,130,437,99,1,0,0,0,22
385,130,437,99,1,0,0,0,22
380,130,437,99,1,0,0,0,22
375,130,437,99,1,0,0,0,22
370,130,437,99,1,0,0,0,22
365,130,437,99,1,0,0,0,22
360,130,437,99,1,0,0,0,22
355,130,437,99,1,0,0,0,22
350,130,437,99,1,0,0,0,22
345,130,437,99,1,0,0,0,22
340,130,437,99,1,0,0,0,22
335,130,437,99,1,0,0,0,22
330,125,437,99,1,0,1,0,22
325,120,437,99,1,0,1,0,22
320,115,437,99,1,0,1,0,22
315,110,437,99,1,0,1,0,22
310,105,437,99,1,0,1,0,22
305,100,437,99,1,0,1,0,22
300,95,437,99,1,0,1,0,22
300,90,437,99,0,0,1,0,22
300,85,437,99,0,0,1,0,22
300,80,437,99,0,0,1,0,22
300,75,437,99,0,0,1,0,22
305,70,437,99,0,1,1,0,22
310,65,437,99,0,1,1,0,22
315,60,437,99,0,1,1,0,22
320,60,437,99,0,1,0,0,22
325,60,437,99,0,1,0,0,22
330,60,437,99,0,1,0,0,22
335,60,437,99,0,1,0,0,22
340,60,437,99,0,1,0,0,22
345,60,437,99,0,1,0,0,22
350,60,437,99,0,1,0,0,22
355,60,437,99,0,1,0,0,22
360,60,437,99,0,1,0,0,22
365,60,437,99,0,1,0,0,22
370,60,395,378,0,1,0,0,23
375,60,395,378,0,1,0,0,23
380,60,395,378,0,1,0,0,23
385,60,395,378,0,1,0,0,23
390,60,395,378,0,1,0,0,23
395,60,395,378,0,1,0,0,23
400,60,395,378,0,1,0,0,23
405,60,395,378,0,1,0,0,23
410,60,395,378,0,1,0,0,23
415,60,395,378,0,1,0,0,23
420,60,395,378,0,1,0,0,23
425,60,395,378,0,1,0,0,23
430,60,395,378,0,1,0,0,23
435,60,395,378,0,1,0,0,23
440,60,395,378,0,1,0,0,23
445,60,395,378,0,1,0,0,23
450,60,395,378,0,1,0,0,23
455,60,395,378,0,1,0,0,23
460,65,395,378,0,1,0,1,23
465,70,395,378,0,1,0,1,23
470,75,395,378,0,1,0,1,23
475,80,395,378,0,1,0,1,23
480,85,395,378,0,1,0,1,23
480,90,395,378,0,0,0,1,23
480,95,395,378,0,0,0,1,23
480,100,395,378,0,0,0,1,23
480,105,395,378,0,0,0,1,23
480,110,395,378,0,0,0,1,23
480,115,395,378,0,0,0,1,23
480,120,395,378,0,0,0,1,23
480,125,395,378,0,0,0,1,23
480,130,395,378,0,0,0,1,23
475,135,395,378,1,0,0,1,23
470,140,395,378,1,0,0,1,23
465,145,395,378,1,0,0,1,23
460,150,395,378,1,0,0,1,23
455,155,395,378,1,0,0,1,23
450,160,395,378,1,0,0,1,23
445,165,395,378,1,0,0,1,23
440,170,395,378,1,0,0,1,23
435,175,395,378,1,0,0,1,23
430,175,395,378,1,0,0,0,23
425,180,395,378,1,0,0,1,23
420,185,395,378,1,0,0,1,23
415,190,395,378,1,0,0,1,23
410,195,395,378,1,0,0,1,23
405,200,395,378,1,0,0,1,23
400,205,395,378,1,0,0,1,23
395,210,395,378,1,0,0,1,23
390,215,395,378,1,0,0,1,23
385,220,395,378,1,0,0,1,23
380,225,395,378,1,0,0,1,23
380,230,395,378,0,0,0,1,23
380,235,395,378,0,0,0,1,23
380,240,395,378,0,0,0,1,23
380,245,395,378,0,0,0,1,23
380,250,395,378,0,0,0,1,23
380,255,395,378,0,0,0,1,23
380,260,395,378,0,0,0,1,23
380,265,395,378,0,0,0,1,23
380,270,395,378,0,0,0,1,23
380,275,395,378,0,0,0,1,23
380,280,395,378,0,0,0,1,23
385,285,395,378,0,1,0,1,23
390,290,395,378,0,1,0,1,23
395,295,395,378,0,1,0,1,23
400,295,395,378,0,1,0,0,23
405,295,395,378,0,1,0,0,23
410,295,395,378,0,1,0,0,23
415,295,395,378,0,1,0,0,23
420,295,395,378,0,1,0,0,23
425,295,395,378,0,1,0,0,23
430,295,395,378,0,1,0,0,23
435,295,395,378,0,1,0,0,23
440,295,395,378,0,1,0,0,23
445,295,395,378,0,1,0,0,23
450,295,395,378,0,1,0,0,23
455,295,395,378,0,1,0,0,23
460,295,395,378,0,1,0,0,23
465,295,395,378,0,1,0,0,23
470,295,395,378,0,1,0,0,23
475,295,395,378,0,1,0,0,23
480,295,395,378,0,1,0,0,23
485,295,395,378,0,1,0,0,23
490,295,395,378,0,1,0,0,23
495,295,395,378,0,1,0,0,23
495,295,395,378,1,1,0,0,23
495,295,395,378,1,1,0,0,23
495,295,395,378,1,1,0,0,23
495,295,395,378,1,1,0,0,23
495,295,395,378,1,1,0,0,23
495,295,395,378,1,1,0,0,23
495,295,395,378,1,1,0,0,23
495,295,395,378,1,1,0,0,23
495,295,395,378,1,1,0,0,23
495,295,395,378,1,1,0,0,23
495,295,395,378,1,1,0,0,23
495,295,395,378,1,1,0,0,23
490,295,395,378,1,0,0,0,23
485,295,395,378,1,0,0,0,23
480,295,395,378,1,0,0,0,23
475,295,395,378,1,0,0,0,23
475,295,395,378,1,1,0,0,23
475,295,395,378,1,1,0,0,23
470,295,395,378,1,0,0,0,23
465,295,395,378,1,0,0,0,23
460,295,395,378,1,0,0,0,23
455,295,395,378,1,0,0,0,23
450,295,395,378,1,0,0,0,23
445,295,395,378,1,0,0,0,23
440,295,395,378,1,0,0,0,23
435,295,395,378,1,0,0,0,23
430,295,395,378,1,0,0,0,23
425,295,395,378,1,0,0,0,23
420,295,395,378,1,0,0,0,23
415,295,395,378,1,0,0,0,23
410,295,395,378,1,0,0,0,23
405,295,395,378,1,0,0,0,23
400,295,395,378,1,0,0,0,23
395,295,395,378,1,0,0,0,23
390,295,395,378,1,0,0,0,23
385,295,395,378,1,0,0,0,23
380,300,395,378,1,0,0,1,23
375,305,395,378,1,0,0,1,23
370,310,701,418,1,0,0,1,24
365,315,701,418,1,0,0,1,24
360,320,701,418,1,0,0,1,24
355,325,701,418,1,0,0,1,24
355,330,701,418,0,0,0,1,24
355,335,701,418,0,0,0,1,24
355,340,701,418,0,0,0,1,24
355,345,701,418,0,0,0,1,24
355,350,701,418,0,0,0,1,24
355,355,701,418,0,0,0,1,24
355,360,701,418,0,0,0,1,24
355,365,701,418,0,0,0,1,24
355,370,701,418,0,0,0,1,24
355,375,701,418,0,0,0,1,24
355,380,701,418,0,0,0,1,24
355,380,701,418,0,0,0,0,24
355,380,701,418,0,0,0,0,24
355,380,701,418,0,0,0,0,24
355,380,701,418,0,0,0,0,24
355,380,701,418,0,0,0,0,24
355,380,701,418,0,0,0,0,24
355,380,701,418,0,0,0,0,24
355,380,701,418,0,0,0,0,24
355,380,701,418,0,0,0,0,24
355,380,701,418,0,0,0,0,24
355,380,701,418,0,0,0,0,24
355,380,701,418,0,0,0,0,24
355,380,701,418,0,0,0,0,24
355,380,701,418,0,0,0,0,24
355,380,701,418,0,0,0,0,24
355,380,701,418,0,0,0,0,24
355,380,701,418,0,0,0,0,24
355,380,701,418,0,0,0,0,24
355,380,701,418,0,0,0,0,24
355,380,701,418,0,0,0,0,24
355,380,701,418,0,0,0,0,24
355,380,701,418,0,0,0,0,24
355,380,701,418,0,0,0,0,24
355,380,701,418,0,0,0,0,24
355,380,701,418,0,0,0,0,24
355,380,701,418,0,0,0,0,24
355,380,701,418,0,0,0,0,24
355,380,701,418,0,0,0,0,24
355,380,701,418,0,0,0,0,24
355,380,701,418,0,0,0,0,24
355,380,701,418,0,0,0,0,24
355,380,701,418,0,0,0,0,24
355,380,701,418,0,0,0,0,24
355,380,701,418,0,0,0,0,24
355,380,701,418,0,0,0,0,24
355,380,701,418,0,0,0,0,24
355,380,701,418,0,0,0,0,24
355,380,701,418,0,0,0,0,24
355,380,701,418,0,0,0,0,24
355,380,701,418,0,0,0,0,24
355,380,701,418,0,0,0,0,24
355,380,701,418,0,0,0,0,24
355,380,701,418,0,0,0,0,24
355,380,701,418,0,0,0,0,24
355,380,701,418,0,0,0,0,24
355,380,701,418,0,0,0,0,24
355,380,701,418,0,0,0,0,24
355,380,701,418,0,0,0,0,24
355,380,701,418,0,0,0,0,24
355,380,701,418,0,0,0,0,24
355,380,701,418,0,0,0,0,24
355,380,701,418,0,0,0,0,24
355,380,701,418,0,0,0,0,24
355,380,701,418,0,0,0,0,24
355,380,701,418,0,0,0,0,24
355,380,701,418,0,0,0,0,24
355,380,701,418,0,0,0,0,24
355,380,701,418,0,0,0,0,24
355,380,701,418,0,0,0,0,24
355,380,701,418,0,0,0,0,24
355,380,701,418,0,0,0,0,24
355,380,701,418,0,0,0,0,24
355,380,701,418,0,0,0,0,24
355,380,701,418,0,0,0,0,24
355,380,701,418,0,0,0,0,24
355,380,701,418,0,0,0,0,24
355,380,701,418,0,0,0,0,24
355,380,701,418,0,0,0,0,24
355,380,701,418,0,0,0,0,24
355,380,701,418,0,0,0,0,24
355,380,701,418,0,0,0,0,24
355,380,701,418,0,0,0,0,24
355,380,701,418,0,0,0,0,24
355,380,701,418,0,0,0,0,24
355,380,701,418,0,0,0,0,24
355,380,701,418,0,0,0,0,24
355,380,701,418,0,0,0,0,24
355,380,701,418,0,0,0,0,24
355,380,701,418,0,0,0,0,24
355,380,701,418,0,0,0,0,24
355,380,701,418,0,0,0,0,24
355,380,701,418,0,0,0,0,24
355,380,701,418,0,0,0,0,24
355,380,701,418,0,0,0,0,24
355,380,701,418,0,0,0,0,24
355,380,701,418,0,0,0,0,24
355,380,701,418,0,0,0,0,24
355,380,701,418,0,0,0,0,24
355,380,701,418,0,0,0,0,24
355,380,701,418,0,0,0,0,24
355,380,701,418,0,0,0,0,24
355,380,701,418,0,0,0,0,24
355,380,701,418,0,0,0,0,24
355,380,701,418,0,0,0,0,24
355,380,701,418,0,0,0,0,24
355,380,701,418,0,0,0,0,24
355,380,701,418,0,0,0,0,24
355,380,701,418,0,0,0,0,24
355,380,701,418,0,0,0,0,24
355,380,701,418,0,0,0,0,24
355,380,701,418,0,0,0,0,24
355,380,701,418,0,0,0,0,24
355,380,701,418,0,0,0,0,24
355,380,701,418,0,0,0,0,24
355,380,701,418,0,0,0,0,24
355,380,701,418,0,0,0,0,24
355,380,701,418,0,0,0,0,24
355,380,701,418,0,0,0,0,24
355,380,701,418,0,0,0,0,24
355,380,701,418,0,0,0,0,24
355,380,701,418,0,0,0,0,24
355,380,701,418,0,0,0,0,24
355,380,701,418,0,0,0,0,24
355,380,701,418,0,0,0,0,24
355,380,701,418,0,0,0,0,24
355,380,701,418,0,0,0,0,24
