dx,dy,action
37,-184,DOWN
37,-189,DOWN
37,-194,DOWN
37,-199,DOWN
37,-204,DOWN
37,-209,DOWN
37,-214,DOWN
37,-219,DOWN
37,-224,DOWN
37,-229,DOWN
37,-234,DOWN
37,-239,DOWN
37,-244,DOWN
37,-249,DOWN
37,-254,DOWN
37,-259,DOWN
37,-264,DOWN
37,-269,DOWN
37,-274,DOWN
37,-279,DOWN
37,-284,DOWN
37,-289,DOWN
37,-294,DOWN
37,-299,DOWN
37,-304,DOWN
37,-309,DOWN
37,-314,DOWN
37,-319,DOWN
37,-324,DOWN
37,-329,DOWN
37,-334,DOWN
37,-339,DOWN
37,-344,UP
37,-339,UP
37,-334,UP
37,-329,UP
37,-324,UP
37,-319,UP
37,-314,UP
37,-309,UP
37,-304,UP
37,-299,UP
37,-294,UP
37,-289,UP
37,-284,UP
37,-279,UP
37,-274,UP
37,-269,UP
37,-264,UP
37,-259,UP
37,-254,UP
37,-249,UP
37,-244,UP
37,-239,UP
37,-234,UP
37,-229,UP
37,-224,UP
37,-219,UP
37,-214,UP
37,-209,UP
37,-204,UP
37,-199,UP
37,-194,UP
37,-189,UP
37,-184,UP
37,-179,UP
37,-174,UP
37,-169,UP
37,-164,UP
37,-159,UP
37,-154,UP
37,-149,UP
37,-144,UP
37,-139,UP
37,-134,UP
37,-129,UP
37,-124,UP
37,-119,UP
37,-114,UP
37,-109,UP
37,-104,UP
37,-99,UP
37,-94,UP
37,-89,UP
37,-84,UP
37,-79,UP
37,-74,UP
37,-69,UP
37,-64,UP
37,-59,UP
37,-54,UP
37,-49,UP
37,-44,UP
37,-39,UP
37,-34,UP
37,-29,UP
37,-24,UP
37,-19,UP
37,-14,UP
37,-9,UP
37,-4,UP
37,1,UP
37,6,UP
37,11,UP
37,16,UP
37,21,UP
32,26,UP
27,31,UP
22,36,UP
17,41,RIGHT
12,41,RIGHT
7,41,RIGHT
2,41,RIGHT
-3,41,RIGHT
-8,41,RIGHT
-13,41,RIGHT
-18,41,RIGHT
-23,41,RIGHT
-28,41,RIGHT
-33,41,RIGHT
-38,41,RIGHT
-43,41,RIGHT
-48,41,RIGHT
-53,41,RIGHT
-58,41,RIGHT
-63,41,DOWN
-68,36,DOWN
-73,31,DOWN
-78,26,DOWN
-83,21,DOWN
-83,16,DOWN
-83,11,DOWN
-83,6,DOWN
-83,1,DOWN
-83,-4,DOWN
-78,-9,DOWN
-73,-14,DOWN
-68,-19,LEFT
-63,-19,LEFT
-58,-19,LEFT
-53,-19,LEFT
-48,-19,LEFT
-43,-19,LEFT
-38,-19,LEFT
-33,-19,LEFT
-28,-19,LEFT
-23,-19,LEFT
-18,-19,LEFT
-13,-19,LEFT
-8,-19,LEFT
-3,-19,LEFT
2,-19,LEFT
7,-19,UP
12,-14,UP
-96,-42,UP
-91,-37,UP
-86,-32,UP
-81,-27,UP
-76,-22,UP
-76,-17,UP
-76,-12,UP
-76,-7,UP
-76,-2,UP
-76,3,RIGHT
-81,3,RIGHT
-86,3,RIGHT
-91,3,RIGHT
-96,3,RIGHT
-101,3,RIGHT
-106,3,RIGHT
-111,3,RIGHT
-116,3,RIGHT
-121,3,RIGHT
-126,3,RIGHT
-131,3,RIGHT
-136,3,RIGHT
-141,3,RIGHT
-146,3,RIGHT
-151,3,LEFT
-146,3,LEFT
-141,3,LEFT
-136,3,LEFT
-131,3,LEFT
-126,3,LEFT
-121,3,LEFT
-116,3,LEFT
-111,3,LEFT
-106,3,LEFT
-101,3,LEFT
-96,3,LEFT
-91,3,LEFT
-86,3,LEFT
-81,3,LEFT
-76,3,LEFT
-71,3,LEFT
-66,3,LEFT
-61,3,LEFT
-56,3,LEFT
-51,3,LEFT
-46,3,LEFT
-41,3,LEFT
-36,3,LEFT
-31,3,LEFT
-26,3,LEFT
-21,3,LEFT
-16,3,LEFT
-11,3,LEFT
134,10,LEFT
139,10,LEFT
144,10,LEFT
149,10,LEFT
154,10,LEFT
159,10,LEFT
164,10,LEFT
169,10,LEFT
174,10,LEFT
179,10,LEFT
184,10,LEFT
189,10,DOWN
189,5,DOWN
189,0,DOWN
189,-5,DOWN
189,-10,DOWN
189,-15,DOWN
189,-20,DOWN
189,-25,DOWN
189,-30,DOWN
189,-35,DOWN
189,-40,DOWN
189,-45,DOWN
189,-50,DOWN
189,-55,DOWN
189,-60,DOWN
189,-65,DOWN
189,-70,RIGHT
184,-70,RIGHT
179,-70,RIGHT
174,-70,RIGHT
169,-70,RIGHT
164,-70,RIGHT
159,-70,RIGHT
154,-70,RIGHT
149,-70,RIGHT
144,-70,RIGHT
139,-70,RIGHT
134,-70,RIGHT
129,-70,RIGHT
124,-70,UP
119,-65,UP
114,-60,UP
109,-55,UP
104,-50,UP
99,-45,UP
94,-40,UP
89,-35,RIGHT
84,-35,RIGHT
79,-35,RIGHT
74,-35,RIGHT
69,-35,RIGHT
64,-35,RIGHT
59,-35,RIGHT
54,-35,UP
49,-30,UP
44,-25,UP
39,-20,UP
34,-15,UP
29,-10,UP
587,440,UP
582,445,UP
577,450,RIGHT
572,450,RIGHT
567,450,RIGHT
562,450,RIGHT
557,450,RIGHT
552,450,RIGHT
547,450,RIGHT
542,450,RIGHT
537,450,RIGHT
532,450,RIGHT
527,450,UP
522,455,UP
517,460,UP
512,465,UP
512,470,RIGHT
507,470,RIGHT
502,470,RIGHT
497,470,RIGHT
492,470,RIGHT
487,470,RIGHT
482,470,RIGHT
477,470,RIGHT
472,470,RIGHT
467,470,DOWN
462,465,DOWN
457,460,DOWN
452,455,DOWN
447,450,DOWN
442,445,DOWN
437,440,DOWN
432,435,DOWN
427,430,DOWN
422,425,DOWN
417,420,DOWN
412,415,DOWN
407,410,DOWN
402,405,DOWN
397,400,DOWN
392,395,DOWN
387,390,DOWN
382,385,DOWN
377,380,DOWN
372,375,DOWN
367,370,DOWN
362,365,DOWN
357,360,DOWN
352,355,DOWN
347,350,DOWN
342,345,DOWN
337,340,DOWN
332,335,DOWN
327,330,DOWN
322,325,DOWN
317,320,DOWN
312,315,DOWN
307,310,DOWN
302,305,DOWN
297,300,DOWN
292,295,DOWN
287,290,DOWN
282,285,DOWN
277,280,DOWN
272,275,DOWN
267,270,DOWN
262,265,DOWN
257,260,DOWN
252,255,DOWN
247,250,DOWN
242,245,DOWN
237,240,DOWN
232,235,DOWN
227,230,DOWN
222,225,DOWN
217,220,DOWN
212,215,DOWN
207,210,DOWN
202,205,DOWN
197,200,DOWN
192,195,DOWN
187,190,DOWN
182,185,DOWN
177,180,DOWN
172,175,DOWN
167,170,DOWN
162,165,DOWN
157,160,DOWN
152,155,DOWN
147,150,DOWN
142,145,DOWN
137,140,DOWN
132,135,DOWN
127,130,DOWN
122,125,DOWN
117,120,DOWN
112,115,DOWN
107,110,DOWN
102,105,DOWN
97,100,DOWN
92,95,DOWN
87,90,DOWN
82,85,DOWN
77,80,DOWN
72,75,DOWN
67,70,DOWN
62,65,DOWN
57,60,DOWN
52,55,DOWN
47,50,DOWN
42,45,DOWN
37,40,DOWN
32,35,DOWN
27,30,DOWN
-404,-55,DOWN
-409,-60,DOWN
-414,-65,DOWN
-419,-70,DOWN
-424,-75,DOWN
-429,-80,DOWN
-434,-85,DOWN
-439,-90,DOWN
-444,-95,DOWN
-444,-100,LEFT
-439,-100,LEFT
-434,-100,LEFT
-429,-100,LEFT
-424,-100,LEFT
-419,-100,LEFT
-414,-100,LEFT
-409,-100,LEFT
-404,-100,LEFT
-399,-100,LEFT
-394,-100,LEFT
-389,-100,LEFT
-384,-100,LEFT
-379,-100,LEFT
-374,-100,LEFT
-369,-100,LEFT
-364,-100,LEFT
-359,-100,UP
-354,-95,UP
-349,-90,UP
-344,-85,UP
-339,-80,UP
-334,-75,UP
-329,-70,UP
-324,-65,UP
-319,-60,UP
-314,-55,UP
-309,-50,UP
-304,-45,UP
-299,-40,UP
-294,-35,UP
-289,-30,UP
-284,-25,UP
-279,-20,UP
-274,-15,UP
-269,-10,UP
-264,-5,UP
-259,0,UP
-254,5,UP
-249,10,UP
-244,15,UP
-239,20,LEFT
-234,20,LEFT
-229,20,LEFT
-224,20,LEFT
-219,20,LEFT
-214,20,LEFT
-209,20,LEFT
-204,20,LEFT
-199,20,LEFT
-194,20,LEFT
-189,20,DOWN
-184,15,DOWN
-179,10,DOWN
-174,5,DOWN
-169,0,DOWN
-164,-5,DOWN
-159,-10,DOWN
-159,-15,DOWN
-159,-20,DOWN
-159,-25,DOWN
-159,-30,DOWN
-159,-35,DOWN
-159,-40,DOWN
-159,-45,DOWN
-154,-50,LEFT
-149,-50,LEFT
-144,-50,LEFT
-139,-50,LEFT
-134,-50,LEFT
-129,-50,LEFT
-124,-50,LEFT
-119,-50,LEFT
-114,-50,LEFT
-109,-50,LEFT
-104,-50,LEFT
-99,-50,LEFT
-94,-50,LEFT
-89,-50,LEFT
-84,-50,LEFT
-79,-50,LEFT
-74,-50,LEFT
-69,-50,LEFT
-64,-50,LEFT
-59,-50,LEFT
-54,-50,LEFT
-49,-50,LEFT
-44,-50,LEFT
-39,-50,LEFT
-34,-50,LEFT
-29,-50,LEFT
-24,-50,LEFT
-19,-50,LEFT
-14,-50,LEFT
-9,-50,LEFT
-4,-50,LEFT
1,-50,UP
1,-45,UP
1,-40,UP
1,-35,UP
1,-30,UP
1,-25,UP
1,-20,UP
1,-15,UP
1,-10,UP
428,-319,UP
428,-314,UP
428,-309,UP
428,-304,UP
428,-299,UP
428,-294,UP
423,-289,UP
418,-284,RIGHT
413,-284,RIGHT
408,-284,RIGHT
403,-284,RIGHT
398,-284,RIGHT
393,-284,RIGHT
388,-284,RIGHT
383,-284,RIGHT
378,-284,RIGHT
373,-284,RIGHT
368,-284,RIGHT
363,-284,RIGHT
358,-284,RIGHT
353,-284,RIGHT
348,-284,RIGHT
343,-284,RIGHT
338,-284,RIGHT
333,-284,RIGHT
328,-284,RIGHT
323,-284,RIGHT
318,-284,RIGHT
313,-284,RIGHT
308,-284,RIGHT
303,-284,RIGHT
298,-284,RIGHT
293,-284,RIGHT
288,-284,RIGHT
283,-284,RIGHT
278,-284,RIGHT
273,-284,RIGHT
268,-284,RIGHT
263,-284,RIGHT
258,-284,RIGHT
253,-284,RIGHT
248,-284,RIGHT
243,-284,UP
238,-279,UP
233,-274,UP
228,-269,UP
223,-264,UP
218,-259,UP
213,-254,UP
208,-249,UP
203,-244,UP
198,-239,UP
193,-234,UP
188,-229,UP
183,-224,UP
178,-219,UP
173,-214,UP
168,-209,UP
163,-204,UP
158,-199,UP
153,-194,UP
148,-189,UP
143,-184,UP
138,-179,UP
133,-174,UP
128,-169,UP
123,-164,UP
118,-159,UP
113,-154,UP
108,-149,UP
103,-144,UP
98,-139,UP
93,-134,UP
88,-129,UP
83,-124,UP
78,-119,UP
73,-114,UP
68,-109,UP
63,-104,UP
58,-99,UP
53,-94,UP
48,-89,UP
43,-84,UP
38,-79,UP
33,-74,UP
28,-69,UP
23,-64,UP
18,-59,UP
13,-54,UP
8,-49,UP
3,-44,UP
-2,-39,UP
-7,-34,UP
-12,-29,UP
-17,-24,UP
-22,-19,UP
-27,-14,UP
-32,-9,UP
-37,-4,UP
-42,1,UP
-47,6,UP
-52,11,UP
-57,16,UP
-62,21,UP
-67,26,UP
-67,31,UP
-62,36,LEFT
-57,36,LEFT
-52,36,LEFT
-47,36,LEFT
-42,36,LEFT
-37,36,LEFT
-32,36,LEFT
-27,36,LEFT
-22,36,LEFT
-17,36,LEFT
-12,36,LEFT
-7,36,LEFT
-2,36,LEFT
3,36,DOWN
8,31,DOWN
-710,-21,DOWN
-710,-26,DOWN
-710,-31,DOWN
-710,-36,DOWN
-710,-41,DOWN
-710,-46,DOWN
-710,-51,DOWN
-710,-56,DOWN
-710,-61,DOWN
-710,-66,DOWN
-710,-71,DOWN
-710,-76,DOWN
-710,-81,DOWN
-710,-86,DOWN
-710,-91,RIGHT
-715,-91,RIGHT
-720,-91,RIGHT
-725,-91,RIGHT
-730,-91,RIGHT
-735,-91,RIGHT
-740,-91,RIGHT
-745,-91,RIGHT
-750,-91,RIGHT
-755,-91,RIGHT
-760,-91,RIGHT
-765,-91,RIGHT
-770,-91,RIGHT
-775,-91,LEFT
-770,-91,LEFT
-765,-91,LEFT
-760,-91,LEFT
-755,-91,LEFT
-750,-91,LEFT
-745,-91,LEFT
-740,-91,LEFT
-735,-91,LEFT
-730,-91,LEFT
-725,-91,LEFT
-720,-91,LEFT
-715,-91,LEFT
-710,-91,LEFT
-705,-91,LEFT
-700,-91,LEFT
-695,-91,LEFT
-690,-91,LEFT
-685,-91,LEFT
-680,-91,LEFT
-675,-91,LEFT
-670,-91,LEFT
-665,-91,LEFT
-660,-91,LEFT
-655,-91,LEFT
-650,-91,LEFT
-645,-91,LEFT
-640,-91,LEFT
-635,-91,LEFT
-630,-91,LEFT
-625,-91,LEFT
-620,-91,LEFT
-615,-91,LEFT
-610,-91,LEFT
-605,-91,LEFT
-600,-91,LEFT
-595,-91,LEFT
-590,-91,LEFT
-585,-91,LEFT
-580,-91,LEFT
-575,-91,LEFT
-570,-91,LEFT
-565,-91,LEFT
-560,-91,LEFT
-555,-91,LEFT
-550,-91,LEFT
-545,-91,LEFT
-540,-91,LEFT
-535,-91,LEFT
-530,-91,LEFT
-525,-91,LEFT
-520,-91,LEFT
-515,-91,LEFT
-510,-91,LEFT
-505,-91,LEFT
-500,-91,LEFT
-495,-91,LEFT
-490,-91,LEFT
-485,-91,LEFT
-480,-91,LEFT
-475,-91,LEFT
-470,-91,LEFT
-465,-91,LEFT
-460,-91,LEFT
-455,-91,LEFT
-450,-91,LEFT
-445,-91,LEFT
-440,-91,LEFT
-435,-91,LEFT
-430,-91,LEFT
-425,-91,LEFT
-420,-91,LEFT
-415,-91,LEFT
-410,-91,LEFT
-405,-91,LEFT
-400,-91,LEFT
-395,-91,LEFT
-390,-91,LEFT
-385,-91,LEFT
-380,-91,LEFT
-375,-91,LEFT
-370,-91,LEFT
-365,-91,LEFT
-360,-91,LEFT
-355,-91,LEFT
-350,-91,LEFT
-345,-91,LEFT
-340,-91,LEFT
-335,-91,LEFT
-330,-91,LEFT
-325,-91,LEFT
-320,-91,LEFT
-315,-91,LEFT
-310,-91,LEFT
-305,-91,LEFT
-300,-91,LEFT
-295,-91,LEFT
-290,-91,LEFT
-285,-91,LEFT
-280,-91,LEFT
-275,-91,LEFT
-270,-91,LEFT
-265,-91,LEFT
-260,-91,LEFT
-255,-91,LEFT
-250,-91,LEFT
-245,-91,LEFT
-240,-91,LEFT
-235,-91,LEFT
-230,-91,LEFT
-225,-91,LEFT
-220,-91,LEFT
-215,-91,LEFT
-210,-91,LEFT
-205,-91,LEFT
-200,-91,LEFT
-195,-91,LEFT
-190,-91,LEFT
-185,-91,LEFT
-180,-91,LEFT
-175,-91,LEFT
-170,-91,LEFT
-165,-91,LEFT
-160,-91,LEFT
-155,-91,LEFT
-150,-91,LEFT
-145,-91,LEFT
-140,-91,LEFT
-135,-91,LEFT
-130,-91,LEFT
-125,-91,LEFT
-120,-91,LEFT
-115,-91,UP
-110,-86,UP
-105,-81,UP
-100,-76,UP
-95,-71,UP
-90,-66,UP
-90,-61,UP
-90,-56,UP
-90,-51,UP
-90,-46,UP
-90,-41,UP
-90,-36,UP
-90,-31,UP
-90,-26,UP
-90,-21,UP
-90,-16,LEFT
-85,-16,LEFT
-80,-16,LEFT
-75,-16,LEFT
-70,-16,LEFT
-65,-16,LEFT
-60,-16,LEFT
-55,-16,LEFT
-50,-16,LEFT
-45,-16,LEFT
-40,-16,LEFT
-35,-16,LEFT
-30,-16,LEFT
-25,-16,UP
-20,-11,UP
-15,-6,UP
-15,-1,UP
-15,4,UP
-15,9,UP
-15,14,UP
-15,19,UP
-15,24,UP
-15,29,UP
-15,34,UP
-15,39,UP
-15,44,UP
-15,49,UP
-15,54,UP
-15,59,LEFT
-10,59,LEFT
-5,59,LEFT
0,59,LEFT
5,59,LEFT
10,59,LEFT
15,59,LEFT
20,59,LEFT
25,59,DOWN
25,54,DOWN
25,49,DOWN
25,44,DOWN
25,39,DOWN
25,34,DOWN
755,397,DOWN
755,392,DOWN
755,387,DOWN
755,382,DOWN
755,377,DOWN
755,372,DOWN
755,367,DOWN
755,362,DOWN
755,357,DOWN
755,352,DOWN
755,347,DOWN
755,342,DOWN
755,337,DOWN
755,332,DOWN
755,327,DOWN
755,322,RIGHT
750,322,RIGHT
745,322,RIGHT
740,322,RIGHT
735,322,RIGHT
730,322,RIGHT
725,322,RIGHT
720,322,RIGHT
715,322,RIGHT
710,322,RIGHT
705,322,RIGHT
700,322,RIGHT
695,322,RIGHT
690,322,RIGHT
685,322,RIGHT
680,322,RIGHT
675,322,RIGHT
670,322,RIGHT
665,322,RIGHT
660,322,RIGHT
655,322,RIGHT
650,322,RIGHT
645,322,RIGHT
640,322,RIGHT
635,322,RIGHT
630,322,RIGHT
625,322,RIGHT
620,322,RIGHT
615,322,RIGHT
610,322,RIGHT
605,322,RIGHT
600,322,RIGHT
595,322,RIGHT
590,322,RIGHT
585,322,RIGHT
580,322,RIGHT
575,322,RIGHT
570,322,RIGHT
565,322,RIGHT
560,322,RIGHT
555,322,RIGHT
550,322,DOWN
545,317,DOWN
540,312,DOWN
535,307,DOWN
530,302,DOWN
525,297,DOWN
520,292,DOWN
515,287,DOWN
510,282,RIGHT
505,282,RIGHT
500,282,RIGHT
495,282,RIGHT
490,282,RIGHT
485,282,RIGHT
480,282,RIGHT
475,282,RIGHT
470,282,RIGHT
465,282,DOWN
460,277,DOWN
455,272,DOWN
450,267,DOWN
445,262,DOWN
440,257,DOWN
435,252,DOWN
430,247,DOWN
425,242,DOWN
420,237,RIGHT
415,237,RIGHT
410,237,RIGHT
405,237,RIGHT
400,237,RIGHT
395,237,RIGHT
390,237,DOWN
385,232,DOWN
380,227,DOWN
375,222,DOWN
370,217,DOWN
365,212,DOWN
360,207,DOWN
355,202,DOWN
350,197,RIGHT
345,197,RIGHT
340,197,RIGHT
335,197,RIGHT
330,197,RIGHT
325,197,RIGHT
320,197,DOWN
315,192,DOWN
310,187,DOWN
305,182,DOWN
300,177,DOWN
295,172,DOWN
290,167,DOWN
285,162,RIGHT
280,162,RIGHT
275,162,RIGHT
270,162,RIGHT
265,162,RIGHT
260,162,RIGHT
255,162,RIGHT
250,162,RIGHT
245,162,RIGHT
240,162,RIGHT
235,162,RIGHT
230,162,RIGHT
225,162,RIGHT
220,162,RIGHT
215,162,DOWN
210,157,DOWN
205,152,DOWN
200,147,DOWN
195,142,DOWN
190,137,DOWN
185,132,RIGHT
180,132,RIGHT
175,132,RIGHT
170,132,RIGHT
165,132,RIGHT
160,132,RIGHT
155,132,RIGHT
150,132,RIGHT
145,132,DOWN
140,127,DOWN
135,122,DOWN
130,117,DOWN
125,112,DOWN
120,107,DOWN
115,102,DOWN
110,97,RIGHT
105,97,RIGHT
100,97,RIGHT
95,97,RIGHT
90,97,RIGHT
85,97,RIGHT
80,97,RIGHT
75,97,RIGHT
70,97,RIGHT
65,97,RIGHT
60,97,RIGHT
55,97,DOWN
50,92,DOWN
45,87,DOWN
40,82,DOWN
35,77,DOWN
30,72,DOWN
25,67,RIGHT
20,67,RIGHT
15,67,RIGHT
10,67,RIGHT
5,67,RIGHT
0,67,RIGHT
-5,67,DOWN
-10,62,DOWN
-15,57,DOWN
-20,52,DOWN
-25,47,DOWN
-30,42,DOWN
-35,37,DOWN
-40,32,DOWN
-45,27,RIGHT
-50,27,RIGHT
-55,27,RIGHT
-60,27,RIGHT
-65,27,RIGHT
-70,27,RIGHT
-75,27,RIGHT
-80,27,DOWN
-85,22,DOWN
-90,17,DOWN
-95,12,DOWN
-95,7,DOWN
-95,2,DOWN
-95,-3,DOWN
-95,-8,DOWN
-95,-13,DOWN
-95,-18,DOWN
-90,-23,LEFT
-85,-23,LEFT
-80,-23,LEFT
-75,-23,LEFT
-70,-23,LEFT
-65,-23,LEFT
-60,-23,LEFT
-55,-23,LEFT
-50,-23,UP
-45,-18,UP
-40,-13,UP
-35,-8,UP
-30,-3,UP
-25,2,UP
-20,7,UP
-15,12,UP
-10,17,UP
-155,-189,UP
-150,-184,UP
-145,-179,UP
-140,-174,LEFT
-135,-174,LEFT
-130,-174,LEFT
-125,-174,LEFT
-120,-174,LEFT
-115,-174,LEFT
-110,-174,LEFT
-105,-174,LEFT
-100,-174,LEFT
-95,-174,LEFT
-90,-174,LEFT
-85,-174,LEFT
-80,-174,LEFT
-75,-174,LEFT
-70,-174,LEFT
-65,-174,LEFT
-60,-174,LEFT
-55,-174,LEFT
-50,-174,LEFT
-45,-174,LEFT
-40,-174,LEFT
-35,-174,LEFT
-30,-174,LEFT
-25,-174,LEFT
-20,-174,LEFT
-15,-174,LEFT
-10,-174,UP
-5,-169,UP
0,-164,UP
0,-159,UP
0,-154,UP
0,-149,UP
0,-144,UP
0,-139,UP
0,-134,UP
0,-129,UP
0,-124,UP
0,-119,UP
0,-114,UP
0,-109,UP
0,-104,UP
0,-99,UP
0,-94,UP
0,-89,UP
0,-84,UP
0,-79,UP
0,-74,UP
0,-69,UP
0,-64,UP
0,-59,UP
0,-54,UP
0,-49,UP
0,-44,UP
0,-39,UP
0,-34,UP
0,-29,UP
0,-24,UP
0,-19,UP
0,-14,UP
-454,-33,UP
-454,-28,UP
-454,-23,UP
-454,-18,UP
-454,-13,UP
-454,-8,UP
-454,-3,UP
-454,2,UP
-454,7,UP
-454,12,UP
-454,17,UP
-454,22,UP
-454,27,UP
-454,32,UP
-454,37,UP
-454,42,UP
-449,47,UP
-444,52,UP
-439,57,UP
-434,62,UP
-429,67,UP
-424,72,LEFT
-419,72,LEFT
-414,72,LEFT
-409,72,LEFT
-404,72,LEFT
-399,72,LEFT
-394,72,LEFT
-389,72,LEFT
-384,72,LEFT
-379,72,LEFT
-374,72,LEFT
-369,72,LEFT
-364,72,LEFT
-359,72,LEFT
-354,72,LEFT
-349,72,LEFT
-344,72,LEFT
-339,72,LEFT
-334,72,LEFT
-329,72,LEFT
-324,72,LEFT
-319,72,LEFT
-314,72,LEFT
-309,72,LEFT
-304,72,LEFT
-299,72,LEFT
-294,72,LEFT
-289,72,LEFT
-284,72,LEFT
-279,72,LEFT
-274,72,LEFT
-269,72,LEFT
-264,72,LEFT
-259,72,LEFT
-254,72,LEFT
-249,72,LEFT
-244,72,LEFT
-239,72,LEFT
-234,72,LEFT
-229,72,LEFT
-224,72,LEFT
-219,72,LEFT
-214,72,LEFT
-209,72,LEFT
-204,72,LEFT
-199,72,LEFT
-194,72,LEFT
-189,72,LEFT
-184,72,LEFT
-179,72,LEFT
-174,72,LEFT
-169,72,LEFT
-164,72,LEFT
-159,72,LEFT
-154,72,LEFT
-149,72,LEFT
-144,72,DOWN
-139,67,DOWN
-134,62,DOWN
-129,57,DOWN
-124,52,DOWN
-124,47,DOWN
-124,42,DOWN
-124,37,DOWN
-124,32,DOWN
-124,27,DOWN
-124,22,DOWN
-124,17,DOWN
-119,12,DOWN
-114,7,DOWN
-109,2,LEFT
-104,2,LEFT
-99,2,LEFT
-94,2,LEFT
-89,2,LEFT
-84,2,LEFT
-79,2,LEFT
-74,2,LEFT
-69,2,LEFT
-64,2,LEFT
-59,2,LEFT
-54,2,LEFT
-49,2,LEFT
-44,2,LEFT
-39,2,LEFT
-34,2,LEFT
-29,2,LEFT
-24,2,LEFT
-19,2,LEFT
-14,2,LEFT
314,208,LEFT
319,208,LEFT
324,208,LEFT
329,208,LEFT
334,208,LEFT
339,208,LEFT
344,208,LEFT
349,208,LEFT
354,208,LEFT
359,208,LEFT
364,208,LEFT
369,208,LEFT
374,208,LEFT
379,208,LEFT
384,208,LEFT
389,208,LEFT
394,208,LEFT
399,208,LEFT
404,208,LEFT
409,208,UP
414,213,UP
414,218,UP
414,223,UP
414,228,UP
414,233,UP
414,238,UP
414,243,UP
414,248,UP
414,253,UP
414,258,UP
414,263,UP
414,268,UP
414,273,UP
414,278,UP
414,283,UP
414,288,UP
414,293,UP
414,298,UP
414,303,UP
414,308,UP
414,313,UP
414,318,UP
414,323,UP
414,328,UP
414,333,UP
414,338,UP
414,343,UP
414,348,UP
414,353,UP
414,358,UP
414,363,UP
414,368,UP
414,373,UP
414,378,UP
414,383,UP
414,388,RIGHT
409,388,RIGHT
404,388,RIGHT
399,388,RIGHT
394,388,RIGHT
389,388,RIGHT
384,388,RIGHT
379,388,RIGHT
374,388,RIGHT
369,388,RIGHT
364,388,RIGHT
359,388,RIGHT
354,388,RIGHT
349,388,RIGHT
344,388,RIGHT
339,388,RIGHT
334,388,RIGHT
329,388,RIGHT
324,388,RIGHT
319,388,RIGHT
314,388,RIGHT
309,388,RIGHT
304,388,RIGHT
299,388,RIGHT
294,388,RIGHT
289,388,RIGHT
284,388,DOWN
279,383,DOWN
274,378,DOWN
269,373,DOWN
264,368,DOWN
259,363,DOWN
254,358,DOWN
249,353,DOWN
244,348,DOWN
239,343,DOWN
234,338,DOWN
229,333,DOWN
224,328,DOWN
219,323,DOWN
214,318,DOWN
209,313,DOWN
204,308,DOWN
199,303,DOWN
194,298,DOWN
189,293,DOWN
184,288,DOWN
179,283,DOWN
174,278,DOWN
169,273,DOWN
164,268,DOWN
159,263,DOWN
154,258,DOWN
149,253,DOWN
144,248,DOWN
139,243,DOWN
134,238,DOWN
129,233,DOWN
124,228,DOWN
119,223,DOWN
114,218,DOWN
109,213,DOWN
104,208,DOWN
99,203,DOWN
94,198,DOWN
89,193,DOWN
84,188,DOWN
79,183,DOWN
74,178,DOWN
69,173,DOWN
64,168,DOWN
59,163,DOWN
54,158,DOWN
49,153,DOWN
44,148,DOWN
39,143,DOWN
34,138,DOWN
29,133,DOWN
24,128,DOWN
19,123,DOWN
14,118,DOWN
9,113,DOWN
4,108,DOWN
-1,103,DOWN
-6,98,DOWN
-11,93,DOWN
-16,88,DOWN
-21,83,DOWN
-26,78,DOWN
-31,73,DOWN
-36,68,DOWN
-41,63,DOWN
-46,58,DOWN
-51,53,DOWN
-56,48,DOWN
-61,43,DOWN
-66,38,DOWN
-71,33,DOWN
-76,28,DOWN
-76,23,DOWN
-76,18,DOWN
-71,13,DOWN
-66,8,LEFT
-61,8,LEFT
-56,8,LEFT
-51,8,LEFT
-46,8,LEFT
-41,8,LEFT
-36,8,LEFT
-31,8,LEFT
-26,8,LEFT
-21,8,LEFT
-16,8,LEFT
-11,8,LEFT
18,-295,LEFT
23,-295,LEFT
28,-295,LEFT
33,-295,LEFT
38,-295,UP
43,-290,UP
48,-285,UP
53,-280,UP
58,-275,UP
63,-270,UP
68,-265,UP
73,-260,UP
78,-255,LEFT
83,-255,LEFT
88,-255,LEFT
93,-255,LEFT
98,-255,LEFT
103,-255,LEFT
108,-255,LEFT
113,-255,LEFT
118,-255,LEFT
123,-255,LEFT
128,-255,RIGHT
123,-255,RIGHT
118,-255,RIGHT
113,-255,RIGHT
108,-255,RIGHT
103,-255,RIGHT
98,-255,RIGHT
93,-255,RIGHT
88,-255,RIGHT
83,-255,RIGHT
78,-255,RIGHT
73,-255,RIGHT
68,-255,RIGHT
63,-255,RIGHT
58,-255,RIGHT
53,-255,RIGHT
48,-255,RIGHT
43,-255,RIGHT
38,-255,RIGHT
33,-255,RIGHT
28,-255,RIGHT
23,-255,UP
18,-250,UP
13,-245,UP
8,-240,UP
3,-235,UP
-2,-230,UP
-7,-225,UP
-12,-220,UP
-17,-215,UP
-22,-210,UP
-27,-205,UP
-32,-200,UP
-37,-195,UP
-42,-190,UP
-47,-185,UP
-52,-180,UP
-57,-175,UP
-62,-170,UP
-67,-165,UP
-72,-160,UP
-77,-155,UP
-82,-150,UP
-87,-145,UP
-92,-140,UP
-97,-135,UP
-102,-130,UP
-107,-125,UP
-112,-120,UP
-117,-115,UP
-122,-110,UP
-127,-105,UP
-122,-100,UP
-117,-95,UP
-112,-90,UP
-107,-85,LEFT
-102,-85,LEFT
-97,-85,LEFT
-92,-85,LEFT
-87,-85,LEFT
-82,-85,LEFT
-77,-85,LEFT
-72,-85,LEFT
-67,-85,LEFT
-62,-85,LEFT
-57,-85,LEFT
-52,-85,LEFT
-47,-85,LEFT
-42,-85,LEFT
-37,-85,LEFT
-32,-85,LEFT
-27,-85,LEFT
-22,-85,LEFT
-17,-85,LEFT
-12,-85,LEFT
-7,-85,LEFT
-2,-85,LEFT
3,-85,LEFT
8,-85,LEFT
13,-85,LEFT
18,-85,LEFT
23,-85,LEFT
28,-85,LEFT
33,-85,UP
38,-80,UP
43,-75,UP
43,-70,UP
43,-65,UP
43,-60,UP
43,-55,UP
43,-50,UP
43,-45,UP
43,-40,UP
43,-35,UP
38,-30,UP
33,-25,UP
28,-20,UP
23,-15,UP
18,-10,UP
-360,402,UP
-365,407,UP
-370,412,RIGHT
-375,412,RIGHT
-380,412,RIGHT
-385,412,RIGHT
-390,412,RIGHT
-395,412,RIGHT
-400,412,RIGHT
-405,412,RIGHT
-410,412,RIGHT
-415,412,RIGHT
-420,412,RIGHT
-425,412,RIGHT
-430,412,RIGHT
-435,412,RIGHT
-440,412,RIGHT
-445,412,RIGHT
-450,412,RIGHT
-455,412,RIGHT
-460,412,RIGHT
-465,412,RIGHT
-470,412,RIGHT
-475,412,RIGHT
-480,412,RIGHT
-485,412,RIGHT
-490,412,RIGHT
-495,412,RIGHT
-500,412,RIGHT
-505,412,RIGHT
-510,412,RIGHT
-515,412,RIGHT
-520,412,RIGHT
-525,412,RIGHT
-530,412,RIGHT
-535,412,DOWN
-540,407,DOWN
-545,402,DOWN
-550,397,DOWN
-555,392,DOWN
-555,387,DOWN
-555,382,DOWN
-555,377,DOWN
-555,372,DOWN
-555,367,DOWN
-555,362,DOWN
-555,357,DOWN
-555,352,DOWN
-555,347,DOWN
-555,342,DOWN
-555,337,DOWN
-555,332,DOWN
-555,327,DOWN
-555,322,DOWN
-555,317,DOWN
-555,312,DOWN
-555,307,DOWN
-555,302,DOWN
-555,297,DOWN
-555,292,DOWN
-555,287,DOWN
-555,282,DOWN
-550,277,DOWN
-545,272,DOWN
-540,267,DOWN
-535,262,DOWN
-530,257,DOWN
-525,252,DOWN
-520,247,DOWN
-515,242,DOWN
-510,237,DOWN
-505,232,DOWN
-500,227,DOWN
-495,222,DOWN
-490,217,DOWN
-485,212,DOWN
-480,207,DOWN
-475,202,DOWN
-470,197,LEFT
-465,197,LEFT
-460,197,LEFT
-455,197,LEFT
-450,197,LEFT
-445,197,LEFT
-440,197,LEFT
-435,197,LEFT
-430,197,LEFT
-425,197,LEFT
-420,197,LEFT
-415,197,LEFT
-410,197,LEFT
-405,197,LEFT
-400,197,LEFT
-395,197,LEFT
-390,197,LEFT
-385,197,LEFT
-380,197,LEFT
-375,197,LEFT
-370,197,LEFT
-365,197,LEFT
-360,197,LEFT
-355,197,LEFT
-350,197,LEFT
-345,197,LEFT
-340,197,LEFT
-335,197,LEFT
-330,197,LEFT
-325,197,LEFT
-320,197,LEFT
-315,197,LEFT
-310,197,LEFT
-305,197,LEFT
-300,197,LEFT
-295,197,LEFT
-290,197,LEFT
-285,197,LEFT
-280,197,LEFT
-275,197,LEFT
-270,197,LEFT
-265,197,LEFT
-260,197,LEFT
-255,197,LEFT
-250,197,LEFT
-245,197,LEFT
-240,197,LEFT
-235,197,LEFT
-230,197,LEFT
-225,197,LEFT
-220,197,LEFT
-215,197,LEFT
-210,197,LEFT
-205,197,LEFT
-200,197,LEFT
-195,197,LEFT
-190,197,LEFT
-185,197,LEFT
-180,197,LEFT
-175,197,LEFT
-170,197,LEFT
-165,197,LEFT
-160,197,DOWN
-155,192,DOWN
-150,187,DOWN
-145,182,DOWN
-140,177,DOWN
-135,172,DOWN
-130,167,DOWN
-125,162,DOWN
-120,157,DOWN
-115,152,DOWN
-110,147,DOWN
-105,142,DOWN
-100,137,DOWN
-95,132,DOWN
-90,127,DOWN
-85,122,DOWN
-80,117,DOWN
-75,112,DOWN
-70,107,DOWN
-65,102,DOWN
-60,97,DOWN
-55,92,DOWN
-50,87,LEFT
-45,87,LEFT
-40,87,LEFT
-35,87,LEFT
-30,87,LEFT
-25,87,LEFT
-20,87,LEFT
-15,87,LEFT
-10,87,LEFT
-5,87,LEFT
0,87,LEFT
5,87,LEFT
10,87,DOWN
15,82,DOWN
20,77,DOWN
25,72,DOWN
30,67,DOWN
35,62,DOWN
40,57,DOWN
45,52,DOWN
50,47,DOWN
55,42,DOWN
60,37,DOWN
65,32,DOWN
70,27,DOWN
75,22,DOWN
80,17,DOWN
75,12,DOWN
70,7,DOWN
65,2,RIGHT
60,2,RIGHT
55,2,RIGHT
50,2,RIGHT
45,2,RIGHT
40,2,RIGHT
35,2,RIGHT
30,2,RIGHT
688,-334,RIGHT
683,-334,RIGHT
678,-334,RIGHT
673,-334,RIGHT
668,-334,RIGHT
663,-334,RIGHT
658,-334,RIGHT
653,-334,RIGHT
648,-334,RIGHT
643,-334,RIGHT
638,-334,RIGHT
633,-334,RIGHT
628,-334,RIGHT
623,-334,UP
618,-329,UP
613,-324,UP
608,-319,UP
603,-314,UP
598,-309,UP
593,-304,UP
588,-299,UP
583,-294,UP
578,-289,UP
573,-284,UP
568,-279,UP
563,-274,UP
558,-269,UP
553,-264,UP
548,-259,UP
543,-254,UP
538,-249,UP
533,-244,UP
528,-239,UP
523,-234,UP
518,-229,UP
513,-224,UP
508,-219,UP
503,-214,UP
498,-209,UP
493,-204,UP
488,-199,UP
483,-194,UP
478,-189,UP
473,-184,UP
468,-179,UP
463,-174,UP
458,-169,UP
453,-164,UP
448,-159,UP
443,-154,UP
438,-149,UP
433,-144,UP
428,-139,UP
423,-134,UP
418,-129,UP
413,-124,UP
408,-119,UP
403,-114,UP
398,-109,UP
393,-104,UP
388,-99,UP
383,-94,UP
378,-89,UP
373,-84,UP
368,-79,UP
363,-74,UP
358,-69,UP
353,-64,UP
348,-59,UP
343,-54,UP
338,-49,UP
333,-44,UP
328,-39,UP
323,-34,UP
318,-29,UP
313,-24,UP
308,-19,UP
303,-14,UP
298,-9,UP
293,-4,UP
288,1,UP
283,6,UP
278,11,UP
273,16,UP
268,21,UP
263,26,UP
258,31,UP
253,36,UP
248,41,UP
243,46,UP
238,51,UP
233,56,UP
228,61,UP
223,66,UP
218,71,RIGHT
213,71,RIGHT
208,71,RIGHT
203,71,RIGHT
198,71,RIGHT
193,71,RIGHT
188,71,RIGHT
183,71,RIGHT
178,71,RIGHT
173,71,RIGHT
168,71,RIGHT
163,71,RIGHT
158,71,RIGHT
153,71,RIGHT
148,71,RIGHT
143,71,RIGHT
138,71,RIGHT
133,71,RIGHT
128,71,RIGHT
123,71,RIGHT
118,71,RIGHT
113,71,RIGHT
108,71,RIGHT
103,71,RIGHT
98,71,DOWN
93,66,DOWN
88,61,DOWN
83,56,DOWN
78,51,DOWN
73,46,DOWN
68,41,DOWN
63,36,DOWN
58,31,DOWN
53,26,DOWN
48,21,DOWN
48,16,DOWN
48,11,DOWN
48,6,RIGHT
43,6,RIGHT
38,6,RIGHT
33,6,RIGHT
41,-2,RIGHT
36,-2,RIGHT
31,-2,RIGHT
-317,35,RIGHT
-322,35,RIGHT
-327,35,RIGHT
-332,35,UP
-332,40,UP
-332,45,UP
-332,50,UP
-332,55,UP
-332,60,UP
-332,65,UP
-332,70,UP
-332,75,UP
-332,80,LEFT
-327,80,LEFT
-322,80,LEFT
-317,80,LEFT
-312,80,LEFT
-307,80,LEFT
-302,80,LEFT
-297,80,LEFT
-292,80,LEFT
-287,80,LEFT
-282,80,LEFT
-277,80,LEFT
-272,80,LEFT
-267,80,LEFT
-262,80,LEFT
-257,80,LEFT
-252,80,LEFT
-247,80,LEFT
-242,80,LEFT
-237,80,LEFT
-232,80,LEFT
-227,80,LEFT
-222,80,LEFT
-217,80,LEFT
-212,80,LEFT
-207,80,LEFT
-202,80,LEFT
-197,80,LEFT
-192,80,LEFT
-187,80,LEFT
-182,80,LEFT
-177,80,LEFT
-172,80,LEFT
-167,80,LEFT
-162,80,LEFT
-157,80,LEFT
-152,80,LEFT
-147,80,LEFT
-142,80,LEFT
-137,80,LEFT
-132,80,LEFT
-127,80,LEFT
-122,80,LEFT
-117,80,LEFT
-112,80,LEFT
-107,80,LEFT
-102,80,LEFT
-97,80,LEFT
-92,80,LEFT
-87,80,LEFT
-82,80,LEFT
-77,80,LEFT
-72,80,LEFT
-67,80,LEFT
-62,80,LEFT
-57,80,LEFT
-52,80,DOWN
-47,75,DOWN
-42,70,DOWN
-37,65,DOWN
-32,60,DOWN
-27,55,DOWN
-22,50,DOWN
-17,45,DOWN
-12,40,DOWN
-7,35,LEFT
-2,35,LEFT
3,35,LEFT
8,35,LEFT
13,35,LEFT
18,35,LEFT
23,35,LEFT
28,35,LEFT
33,35,LEFT
38,35,LEFT
43,35,LEFT
48,35,LEFT
53,35,LEFT
58,35,DOWN
63,30,DOWN
68,25,DOWN
73,20,DOWN
78,15,DOWN
83,10,LEFT
88,10,LEFT
93,10,LEFT
98,10,LEFT
103,10,LEFT
108,10,LEFT
113,10,LEFT
118,10,LEFT
123,10,DOWN
128,5,DOWN
133,0,DOWN
138,-5,DOWN
143,-10,DOWN
148,-15,DOWN
153,-20,DOWN
153,-25,DOWN
153,-30,RIGHT
148,-30,RIGHT
143,-30,RIGHT
138,-30,RIGHT
133,-30,RIGHT
128,-30,RIGHT
123,-30,RIGHT
118,-30,RIGHT
113,-30,RIGHT
108,-30,RIGHT
103,-30,RIGHT
98,-30,RIGHT
93,-30,RIGHT
88,-30,RIGHT
83,-30,RIGHT
78,-30,RIGHT
73,-30,RIGHT
68,-30,RIGHT
63,-30,RIGHT
58,-30,RIGHT
53,-30,RIGHT
48,-30,RIGHT
43,-30,RIGHT
38,-30,UP
33,-25,UP
28,-20,UP
23,-15,UP
18,-10,UP
-100,56,UP
-105,61,UP
-110,66,UP
-115,71,UP
-120,76,UP
-125,81,UP
-130,86,UP
-135,91,UP
-140,96,UP
-145,101,UP
-150,106,RIGHT
-155,106,RIGHT
-160,106,RIGHT
-165,106,RIGHT
-170,106,RIGHT
-175,106,LEFT
-170,106,LEFT
-165,106,LEFT
-160,106,LEFT
-155,106,LEFT
-150,106,LEFT
-145,106,LEFT
-140,106,LEFT
-135,106,LEFT
-130,106,LEFT
-125,106,LEFT
-120,106,LEFT
-115,106,DOWN
-110,101,DOWN
-105,96,DOWN
-100,91,DOWN
-95,86,DOWN
-90,81,DOWN
-85,76,DOWN
-85,71,DOWN
-85,66,DOWN
-85,61,DOWN
-85,56,DOWN
-85,51,DOWN
-85,46,DOWN
-85,41,DOWN
-85,36,DOWN
-85,31,DOWN
-85,26,DOWN
-85,21,DOWN
-85,16,DOWN
-85,11,DOWN
-85,6,DOWN
-85,1,DOWN
-85,-4,DOWN
-85,-9,DOWN
-85,-14,DOWN
-85,-19,DOWN
-85,-24,DOWN
-85,-29,DOWN
-85,-34,DOWN
-85,-39,DOWN
-85,-44,DOWN
-85,-49,DOWN
-85,-54,LEFT
-80,-54,LEFT
-75,-54,LEFT
-70,-54,LEFT
-65,-54,LEFT
-60,-54,LEFT
-55,-54,LEFT
-50,-54,LEFT
-45,-54,UP
-40,-49,UP
-35,-44,UP
-30,-39,UP
-25,-34,UP
-20,-29,UP
-15,-24,UP
-10,-19,UP
-5,-14,UP
-69,-194,UP
-64,-189,UP
-59,-184,UP
-54,-179,UP
-49,-174,UP
-44,-169,UP
-39,-164,UP
-34,-159,UP
-29,-154,UP
-24,-149,UP
-24,-144,UP
-24,-139,UP
-24,-134,UP
-24,-129,UP
-24,-124,UP
-24,-119,UP
-24,-114,UP
-24,-109,UP
-24,-104,UP
-24,-99,UP
-24,-94,UP
-24,-89,UP
-24,-84,UP
-24,-79,UP
-24,-74,UP
-24,-69,UP
-24,-64,UP
-24,-59,UP
-24,-54,UP
-24,-49,UP
-24,-44,UP
-24,-39,UP
-24,-34,UP
-24,-29,UP
-24,-24,UP
-24,-19,UP
-24,-14,UP
-24,-9,UP
-24,-4,UP
-24,1,UP
-24,6,UP
-24,11,UP
-24,16,UP
-24,21,UP
-19,26,UP
-14,31,UP
-9,36,UP
-4,41,LEFT
1,41,LEFT
6,41,LEFT
11,41,LEFT
16,41,LEFT
21,41,LEFT
26,41,LEFT
31,41,LEFT
36,41,LEFT
41,41,LEFT
46,41,DOWN
51,36,DOWN
51,31,DOWN
51,26,DOWN
51,21,DOWN
51,16,DOWN
51,11,DOWN
51,6,DOWN
51,1,DOWN
51,-4,DOWN
51,-9,DOWN
51,-14,DOWN
51,-19,DOWN
51,-24,DOWN
46,-29,RIGHT
41,-29,RIGHT
36,-29,RIGHT
31,-29,RIGHT
26,-29,RIGHT
21,-29,RIGHT
16,-29,RIGHT
11,-29,RIGHT
6,-29,RIGHT
1,-29,RIGHT
-4,-29,RIGHT
-9,-29,RIGHT
-14,-29,RIGHT
-19,-29,RIGHT
-24,-29,RIGHT
-29,-29,RIGHT
-34,-29,RIGHT
-39,-29,RIGHT
-44,-29,RIGHT
-49,-29,RIGHT
-54,-29,RIGHT
-59,-29,UP
-64,-24,UP
-69,-19,UP
-74,-14,UP
-79,-9,UP
-84,-4,UP
-89,1,UP
-89,6,UP
-89,11,UP
-89,16,UP
-84,21,LEFT
-79,21,LEFT
-74,21,LEFT
-69,21,LEFT
-64,21,LEFT
-59,21,LEFT
-54,21,LEFT
-49,21,LEFT
-44,21,LEFT
-39,21,LEFT
-34,21,LEFT
-29,21,LEFT
-24,21,LEFT
-19,21,LEFT
-14,21,LEFT
2,433,LEFT
7,433,LEFT
12,433,LEFT
17,433,LEFT
22,433,LEFT
